Workbook

Sheet 卫星表
A1: 序号 | B1: 卫星名称 | C1: 卫星代号 | D1: 轨道位置 | E1: 状态 | F1: 覆盖范围 | G1: 转发器数量 | H1: 信标（MHz） | I1: 极化方式 | J1: 发射时间 | K1: 设计寿命 | L1: 卫星归属 | M1: 制造商 | N1: 卫星平台 | O1: 姿态稳定 | P1: 位保精度 | Q1: 备注
A2: 1 | B2: 中星6D卫星 | C2: CS6D | D2: 125°E | E2: 在轨运营 | F2: C频段：中国（含港澳、台湾）、南亚、西亚、东亚、中亚、东南亚、澳洲和南太平洋岛国 Ku频段：中国大陆地区及周边沿海、菲律宾和马来西亚 | G2: C频段25个转发器 Ku频段25个转发器 | H2: C频段： 下行水平信标：4198.5（H） 下行垂直信标：4197（V） Ku频段： 下行水平信标：12251（H） 下行垂直信标：12250.5（V） | I2: 线极化 | J2: 44666 | K2: 15年 | L2: 自有 | M2: 中国空间技术研究院 | N2: 东四增强型(DFH-4E) | O2: 三轴稳定 | P2: ±0.05°（E-W & N-S）
A3: 2 | B3: 中星6E卫星 | C3: CS6E | D3: 115.5°E | E3: 在轨运营 | F3: C波段：中国领土领水、东南亚和其它亚洲和大洋洲卫星可见陆地地区 | G3: C频段23个转发器 前向Ku频段10个转发器 返向Ka频段2个转发器 | H3: C频段： 下行水平信标：3702（H） 下行垂直信标：4198（V） Ku频段： 11700MHz（V） 12749MHz (V) Ka频段： 18700MHz（LHCP） | I3: 线极化 | J3: 45239 | K3: 14.2年 | L3: 自有 | M3: 中国空间技术研究院 | N3: 东四增强型(DFH-4E) | O3: 三轴稳定 | P3: ±0.05°（E-W & N-S）
A4: 3 | B4: 中星9B卫星 | C4: CS9B | D4: 101.4°E | E4: 在轨运营 | F4: 中国及周边海域 | G4: Ku频段25个转发器 | H4: 左旋信标：11700（LHCP） 右旋信标：12200（RHCP） | I4: 圆极化 | J4: 44448 | K4: 15年 | L4: 自有 | M4: 中国空间技术研究院 | N4: 东四增强型(DFH-4E) | O4: 三轴稳定 | P4: ±0.05°（E-W & N-S）
A5: 4 | B5: 中星9C卫星 | C5: CS9C | D5: 92.2°E | E5: 在轨运营 | F5: KuBSS频段：中国及周边海域 标准Ku频段：北京 规划Ku频段：中国西部地区 KaBSS频段：北京 | G5: KuBSS频段24个转发器 标准Ku频段5个转发器 规划Ku频段5个转发器 KaBSS频段1个转发器 | H5: 左旋信标：12199（LHCP） 右旋信标：11700（RHCP） | I5: 圆极化 | J5: 45828 | K5: 15年 | L5: 自有 | M5: 中国空间技术研究院 | N5: 东四增强型(DFH-4E) | O5: 三轴稳定 | P5: ±0.05°（E-W & N-S）
A6: 5 | B6: 中星10R卫星 | C6: CS10R | D6: 110.5°E | E6: 在轨运营 | F6: 中国陆地及领海、印尼、马来西亚、南亚、中东及阿拉伯海 | G6: Ku频段35个转发器 | H6: 12748 MHz（V）、 12745MHz（H） 11450.5 MHz（V）、 11452.5 MHz（H） | I6: 线极化 | J6: 45710 | K6: 15年 | L6: 自有 | M6: 中国空间技术研究院 | N6: 东四增强型(DFH-4E) | O6: 三轴稳定 | P6: ±0.05°（E-W & N-S）
A7: 6 | B7: 中星11号卫星（98E卫星） | C7: CS11 | D7: 98°E | E7: 在轨运营 | F7: C频段：区域波束 Ku频段：海洋波束、印尼波束、南亚波束（已永久关闭） | G7: C频段26个转发器 Ku频段19个转发器 | H7: C频段： 4198.3MHz(V) 4199.9MHz(H) Ku频段： 12737.5MHz（V） 11451MHz(V) 11453MHz(H) | I7: 线极化 | J7: 41396 | K7: 14年 | L7: 自有 | M7: 中国空间技术研究院 | N7: 东方红四号（DFH-4) | O7: 三轴稳定 | P7: ±0.05°（E-W & N-S）
A8: 7 | B8: 中星12号卫星（中卫2号） | C8: CS12 | D8: 87.5°E | E8: 在轨运营 | F8: C频段：全球波束 Ku频段：中国波束 Ku频段：中东非波束 Ku频段：可移动点波束 | G8: C频段24个转发器 Ku频段23个转发器 | H8: C频段： 3701.5MHz(V) 4199.3MHz(H) Ku频段： 11699.8MHz(LHCP) 12251MHz (RHCP) | I8: 线极化 | J8: 41240 | K8: 15年 | L8: 自有 | M8: 法国泰雷兹阿莱尼亚宇航公司 | N8: SB4000C2 | O8: 三轴稳定 | P8: ±0.05°（E-W & N-S）
A9: 8 | B9: 中星15号卫星 | C9: CS15 | D9: 51.5°E | E9: 在轨运营 | F9: 非规划Ku频段：非洲波束 规划Ku频段：欧洲波束 C频段：全球波束 C频段：非洲波束 C频段：东部波束 | G9: C频段20个转发器，归属中国卫通7个 Ku频段18个转发器，归属中国卫通1个 | H9: C频段： 4194MHz(RHCP) 4195.6MHz(LHCP) Ku频段： 11194MHz(V)非洲波束 11197MHz(H) 非洲波束 11445Mhz(H)欧洲波束 | I9: 圆极化（C） 线极化（Ku） | J9: 42386 | K9: 15年 | L9: 自有 | M9: 中国空间技术研究院 | N9: 东方红四号(DFH-4) | O9: 三轴稳定 | P9: ±0.05°（E-W & N-S）
A10: 9 | B10: 中星19号卫星 | C10: CS19 | D10: 163°E | E10: 在轨运营 | F10: 中国东部国土、东南亚以及包含北美航线在内的大部分太平洋区域 | G10: C频段2个 Ku频段13个 前向Ka频段14个 返向Ka频段2个 | H10: C频段： 4199.8MHz(L) Ku频段： 11691MHz（H） 11695MHz（V） Ka频段： 19700MHz(RHCP) | I10: 线极化 | J10: 44870 | K10: 12.5年 | L10: 自有 | M10: 中国空间技术研究院 | N10: 东四增强型(DFH-4E) | O10: 三轴稳定 | P10: ±0.05°（E-W & N-S）
A11: 10 | B11: 中星26号卫星 | C11: CS26 | D11: 125°E | E11: 在轨运营 | F11: 中国全境及周边水域、俄罗斯部分地区、东南亚、蒙古、日本、印度尼西亚、印度、印度洋等地区 | G11: 前向Ka频段36个 返向Ka频段 14个 | H11: 19130MHz(RHCP)\(LHCP) | I11: 圆极化 | J11: 44980 | K11: 15年 | L11: 自有 | M11: 中国空间技术研究院 | N11: 东四增强型(DFH-4E) | O11: 三轴稳定 | P11: ±0.05°（E-W & N-S）
A12: 11 | B12: 亚太5C卫星 | C12: APT-5C | D12: 138°E | E12: 在轨运营 | F12: AP波束： 中国、东南亚、澳大利亚及南太平洋岛国、夏威夷 6个区域波束： CHN波束：中国 MNG波束：蒙古 IC波束：中南半岛 IMR波束：印度尼西亚及马来西亚 ANZ波束：南太平洋区域 NP波束：北太平洋区域 | G12: C波段34个转发器 Ku波段20个转发器 | I12: 线极化 | J12: 43353 | K12: 15年 | L12: 代理 | M12: 劳拉空间系统公司 | N12: SSL 1300 | O12: 三轴稳定 | P12: ±0.05°（E-W & N-S）
A13: 12 | B13: 亚太6C卫星 | C13: APT-6C | D13: 134°E | E13: 在轨运营 | F13: C波段： AP波束：中国、东南亚、澳大利亚及南太平洋岛国 Ku波段： CHN波束：中国 MNG波束：蒙古 IC波束：中南半岛 Ka波段： Ka北波束：北京/上海、渤海、黄海、东海 Ka南波束：广州/香港、部分南海 | G13: C波段32个转发器 Ku波段20个转发器 Ka波段1个转发器 | I13: 线极化（C） 线极化（Ku） 圆极化（Ka） | J13: 43224 | K13: 15年 | L13: 代理 | M13: 中国空间技术研究院 | N13: 东方红四号（DFH-4) | O13: 三轴稳定 | P13: ±0.05°（E-W & N-S）
A14: 13 | B14: 亚太6D卫星 | C14: APT-6D | D14: 134°E | E14: 在轨运营 | F14: 所在轨位对地球可视范围的全部覆盖，以亚太区域为重点，包括中国、周边地区、东南亚的覆盖 | I14: 线极化 | J14: 44021 | K14: 15年 | L14: 代理 | M14: 中国空间技术研究院 | N14: 东四增强型(DFH-4E) | O14: 三轴稳定 | P14: ±0.05°（E-W & N-S）
A15: 14 | B15: 亚太6E卫星 | C15: APT-6E | D15: 134°E | E15: 在轨运营 | F15: Ku频段：印尼全境覆盖 Ka频段：东南亚 | J15: 44939 | K15: 15年 | L15: 代理 | M15: 中国空间技术研究院 | N15: 东方红三号增强型(DFH-3E) | O15: 三轴稳定 | P15: ±0.05°（E-W & N-S）
A16: 15 | B16: 亚太7号卫星 | C16: APT-7 | D16: 76.5°E | E16: 在轨运营 | F16: C波段： 亚洲、澳洲、非洲、欧洲大部及太平洋、印度洋可视范围内的主要岛屿和海域 Ku波段： CHN波束：中国及周边部分地区 MENA波束：中东、北非、中亚及部分欧洲地区 AFR波束：非洲大部 SSB波束：可指向可视区域内的任意一点 以上4个波束间可实现上、下行互相交链 | G16: C波段28个转发器 Ku波段28个转发器 | I16: 线极化 | J16: 40999 | K16: 15年 | L16: 代理 | M16: 法国泰雷兹阿莱尼亚宇航公司 | N16: SB4000C2 | O16: 三轴稳定 | P16: ±0.05°（E-W & N-S）
A17: 16 | B17: 亚太9号卫星 | C17: APT-9 | D17: 142°E | E17: 在轨运营 | F17: C波段： SEA波束： 印尼、马来西亚、巴新及周边地区 AP波束： 亚太地区 Ku波段： 西波束+ 北波束+ 南波束：形成东印度洋到西太平洋的完整覆盖 可移动波束：可指向可视区域内的任意一点 以上4个波束间可实现上、下行互相交链 | G17: C波段32个转发器 Ku波段14个转发器 | I17: 线极化 | J17: 42294 | K17: 15年 | L17: 代理 | M17: 中国空间技术研究院 | N17: 东方红四号（DFH-4) | O17: 三轴稳定 | P17: ±0.05°（E-W & N-S）
A18: 17 | B18: 中星6C卫星 | C18: CS6C | D18: 130°E | E18: 在轨运营 | F18: 中国及周边地区、澳大利亚及南太岛国等国家和地区 | G18: C频段25个转发器 | H18: C频段： 下行水平信标：3676.5（H） 下行垂直信标：3642（V） | I18: 线极化 | J18: 43534 | K18: 15年 | L18: 自有 | M18: 中国空间技术研究院 | N18: 东方红四号（DFH-4) | O18: 三轴稳定 | P18: ±0.05°（E-W & N-S）
A19: 18 | B19: 中星16号卫星 | C19: CS16 | D19: 110.5°E | E19: 在轨运营 | F19: 中国及近海区域 | G19: 前向Ka频段10个转发器 返向Ka频段6个转发器 | H19: 18508.8MHz(RHCP)\(LHCP) | I19: 圆极化 | J19: 42837 | K19: 15年 | L19: 自有 | M19: 中国空间技术研究院 | N19: 东方红三号B卫星平台(DFH-3B) | O19: 三轴稳定 | P19: ±0.05°（E-W & N-S）
A20: 20 | B20: 中星9号卫星 | C20: CS9 | D20: 92.2°E | E20: 停止服务 | F20: 中国及周边地区 | G20: 22个DBS频段转发器 | I20: 圆极化 | J20: 39608 | K20: 15年 | L20: 自有 | M20: 法国泰雷兹阿莱尼亚宇航公司 | N20: SB4000 | O20: 三轴稳定 | P20: ±0.05°（E-W & N-S）
A21: 21 | B21: 中星10号卫星（鑫诺5号） | C21: CS10 | D21: 110.5°E | E21: 停止服务 | F21: 中国及周边地区 | G21: C频段30个转发器 Ku频段16个转发器 | I21: 线极化 | J21: 40715 | K21: 13.5年 | L21: 自有 | M21: 中国空间技术研究院 | N21: 东方红四号（DFH-4) | O21: 三轴稳定 | P21: ±0.05°（E-W & N-S）
A22: 19 | B22: 中星6B卫星 | C22: CS6B | D22: 115.5°E | E22: 离轨 | F22: 中国、蒙古、朝鲜半岛、日本、俄罗斯亚洲部分、南亚、东南亚、中亚、西亚、澳大利亚、新西兰 | G22: C频段38个转发器 | I22: 线极化 | J22: 39268 | K22: 15年 | L22: 自有 | M22: 法国阿尔卡特阿莱尼亚宇航公司 | N22: SB4000 | O22: 三轴稳定 | P22: ±0.05°（E-W & N-S）
A23: 22 | B23: 亚太5号卫星 | C23: APT-5 | D23: 138°E | E23: 离轨 | F23: 中国及周边地区 | I23: 线极化 | L23: 代理 | O23: 三轴稳定 | P23: ±0.05°（E-W & N-S）
A24: 23 | B24: 亚太6号卫星 | C24: APT-6 | D24: 134°E | E24: 离轨 | F24: 中国及周边地区 | I24: 线极化 | L24: 代理 | O24: 三轴稳定 | P24: ±0.05°（E-W & N-S）
A25: 24 | B25: 中星6A卫星（鑫诺6号） | C25: CS6A | E25: 离轨
A26: 25 | B26: 中星9A卫星（鑫诺4号） | C26: CS9A | E26: 离轨
A27: 26 | B27: 中星27号卫星 | C27: CS27 | E27: 在建

Sheet 通道基本信息
A1: ID | B1: 通道组代号 | C1: 通道组序号 | D1: 卫星 | E1: 天线 | F1: 波束代号 | G1: 收发(R/T) | H1: 参考序号 | I1: 极化 | J1: 频率 | K1: 通道数
A2: 1 | B2: =D2&"-"&C2&"-"&K2 -> CS10R-R001-9 | C2: =G2&TEXT(H2,"000") -> R001 | D2: CS10R | E2: 国土波束 | F2: C | G2: R | H2: 1 | I2: H | J2: Ku | K2: 9
A3: 2 | B3: =D3&"-"&C3&"-"&K3 -> CS10R-R002-4 | C3: =G3&TEXT(H3,"000") -> R002 | D3: CS10R | E3: 国土波束 | F3: C | G3: R | H3: 2 | I3: H | J3: EKu | K3: 4
A4: 3 | B4: =D4&"-"&C4&"-"&K4 -> CS10R-R003-8 | C4: =G4&TEXT(H4,"000") -> R003 | D4: CS10R | E4: 国土波束 | F4: C | G4: R | H4: 3 | I4: V | J4: Ku | K4: 8
A5: 4 | B5: =D5&"-"&C5&"-"&K5 -> CS10R-R004-4 | C5: =G5&TEXT(H5,"000") -> R004 | D5: CS10R | E5: 国土波束 | F5: C | G5: R | H5: 4 | I5: V | J5: EKu | K5: 4
A6: 5 | B6: =D6&"-"&C6&"-"&K6 -> CS10R-R005-4 | C6: =G6&TEXT(H6,"000") -> R005 | D6: CS10R | E6: 南海波束 | F6: S | G6: R | H6: 5 | I6: V | J6: Ku | K6: 4
A7: 6 | B7: =D7&"-"&C7&"-"&K7 -> CS10R-R006-4 | C7: =G7&TEXT(H7,"000") -> R006 | D7: CS10R | E7: 西部波束 | F7: W | G7: R | H7: 6 | I7: V | J7: EKu | K7: 4
A8: 7 | B8: =D8&"-"&C8&"-"&K8 -> CS10R-R007-4 | C8: =G8&TEXT(H8,"000") -> R007 | D8: CS10R | E8: 印尼波束 | F8: I | G8: R | H8: 7 | I8: H | J8: Ku | K8: 4
A9: 8 | B9: =D9&"-"&C9&"-"&K9 -> CS10R-R008-4 | C9: =G9&TEXT(H9,"000") -> R008 | D9: CS10R | E9: 印尼波束 | F9: I | G9: R | H9: 8 | I9: H | J9: EKu | K9: 4
A10: 9 | B10: =D10&"-"&C10&"-"&K10 -> CS10R-R009-4 | C10: =G10&TEXT(H10,"000") -> R009 | D10: CS10R | E10: 印尼波束 | F10: I | G10: R | H10: 9 | I10: V | J10: EKu | K10: 4
A11: 10 | B11: =D11&"-"&C11&"-"&K11 -> CS10R-R010-3 | C11: =G11&TEXT(H11,"000") -> R010 | D11: CS10R | E11: 西部波束 | F11: W | G11: R | H11: 10 | I11: V | J11: Ku | K11: 3
A12: 11 | B12: =D12&"-"&C12&"-"&K12 -> CS10R-R011-3 | C12: =G12&TEXT(H12,"000") -> R011 | D12: CS10R | E12: 东部波束 | F12: E | G12: R | H12: 11 | I12: V | J12: EKu | K12: 3
A13: 12 | B13: =D13&"-"&C13&"-"&K13 -> CS10R-T001-9 | C13: =G13&TEXT(H13,"000") -> T001 | D13: CS10R | E13: 国土波束 | F13: C | G13: T | H13: 1 | I13: V | J13: Ku | K13: 9
... A432: 431 | B432: =D432&"-"&C432&"-"&K432 -> CS26-T122-4 | C432: =G432&TEXT(H432,"000") -> T122 | D432: CS26 | E432: 银川馈电波束（备份成都） | F432: B | G432: T | H432: 122 | I432: R | J432: Ka | K432: 4
A433: 432 | B433: =D433&"-"&C433&"-"&K433 -> CS6E-R001-1 | C433: =G433&TEXT(H433,"000") -> R001 | D433: CS6E | E433: 1 | F433: S01 | G433: R | H433: 1 | I433: H | J433: Ku | K433: 1 | L433: 模拟
A434: 433 | B434: =D434&"-"&C434&"-"&K434 -> CS6E-R002-24 | C434: =G434&TEXT(H434,"000") -> R002 | D434: CS6E | E434: 1 | F434: S01 | G434: R | H434: 2 | I434: H | J434: Ku | K434: 24 | L434: 数字
A435: 434 | B435: =D435&"-"&C435&"-"&K435 -> CS6E-R003-1 | C435: =G435&TEXT(H435,"000") -> R003 | D435: CS6E | E435: 2 | F435: S02 | G435: R | H435: 3 | I435: H | J435: Ku | K435: 1 | L435: 模拟
A436: 435 | B436: =D436&"-"&C436&"-"&K436 -> CS6E-R004-24 | C436: =G436&TEXT(H436,"000") -> R004 | D436: CS6E | E436: 2 | F436: S02 | G436: R | H436: 4 | I436: H | J436: Ku | K436: 24 | L436: 数字
A437: 436 | B437: =D437&"-"&C437&"-"&K437 -> CS6E-R005-1 | C437: =G437&TEXT(H437,"000") -> R005 | D437: CS6E | E437: 3 | F437: S03 | G437: R | H437: 5 | I437: H | J437: Ku | K437: 1 | L437: 模拟
A438: 437 | B438: =D438&"-"&C438&"-"&K438 -> CS6E-R006-28 | C438: =G438&TEXT(H438,"000") -> R006 | D438: CS6E | E438: 3 | F438: S03 | G438: R | H438: 6 | I438: H | J438: Ku | K438: 28 | L438: 数字
A439: 438 | B439: =D439&"-"&C439&"-"&K439 -> CS6E-R007-1 | C439: =G439&TEXT(H439,"000") -> R007 | D439: CS6E | E439: 4 | F439: S04 | G439: R | H439: 7 | I439: H | J439: Ku | K439: 1 | L439: 模拟
A440: 439 | B440: =D440&"-"&C440&"-"&K440 -> CS6E-R008-24 | C440: =G440&TEXT(H440,"000") -> R008 | D440: CS6E | E440: 4 | F440: S04 | G440: R | H440: 8 | I440: H | J440: Ku | K440: 24 | L440: 数字
A441: 440 | B441: =D441&"-"&C441&"-"&K441 -> CS6E-R009-1 | C441: =G441&TEXT(H441,"000") -> R009 | D441: CS6E | E441: 5 | F441: S05 | G441: R | H441: 9 | I441: V | J441: Ku | K441: 1 | L441: 模拟
A442: 441 | B442: =D442&"-"&C442&"-"&K442 -> CS6E-R010-180 | C442: =G442&TEXT(H442,"000") -> R010 | D442: CS6E | E442: 5 | F442: S05 | G442: R | H442: 10 | I442: V | J442: Ku | K442: 180 | L442: 数字
A443: 442 | B443: =D443&"-"&C443&"-"&K443 -> CS6E-R011-1 | C443: =G443&TEXT(H443,"000") -> R011 | D443: CS6E | E443: 6 | F443: S06 | G443: R | H443: 11 | I443: H | J443: EKu | K443: 1 | L443: 模拟
A444: 443 | B444: =D444&"-"&C444&"-"&K444 -> CS6E-R012-28 | C444: =G444&TEXT(H444,"000") -> R012 | D444: CS6E | E444: 6 | F444: S06 | G444: R | H444: 12 | I444: H | J444: EKu | K444: 28 | L444: 数字
... A467: 466 | B467: =D467&"-"&C467&"-"&K467 -> CS6E-R035-40 | C467: =G467&TEXT(H467,"000") -> R035 | D467: CS6E | E467: 24 | F467: S24 | G467: R | H467: 35 | I467: H | J467: Ku | K467: 40 | L467: 数字
A468: 467 | B468: =D468&"-"&C468&"-"&K468 -> CS6E-R036-12 | C468: =G468&TEXT(H468,"000") -> R036 | D468: CS6E | E468: 馈电波束-怀来 | F468: K-HL | G468: R | H468: 36 | I468: R | J468: Ka | K468: 12 | L468: 模拟
A469: 468 | B469: =D469&"-"&C469&"-"&K469 -> CS6E-R037-224 | C469: =G469&TEXT(H469,"000") -> R037 | D469: CS6E | E469: 馈电波束-怀来 | F469: K-HL | G469: R | H469: 37 | I469: R | J469: Ka | K469: 224 | L469: 数字
A470: 469 | B470: =D470&"-"&C470&"-"&K470 -> CS6E-R038-12 | C470: =G470&TEXT(H470,"000") -> R038 | D470: CS6E | E470: 馈电波束-怀来 | F470: K-HL | G470: R | H470: 38 | I470: L | J470: Ka | K470: 12 | L470: 模拟
A471: 470 | B471: =D471&"-"&C471&"-"&K471 -> CS6E-R039-340 | C471: =G471&TEXT(H471,"000") -> R039 | D471: CS6E | E471: 馈电波束-怀来 | F471: K-HL | G471: R | H471: 39 | I471: L | J471: Ka | K471: 340 | L471: 数字
A472: 471 | B472: =D472&"-"&C472&"-"&K472 -> CS6E-R040-1 | C472: =G472&TEXT(H472,"000") -> R040 | D472: CS6E | E472: 信令-Ku | F472: XL | G472: R | H472: 40 | I472: H | J472: Ku | K472: 1 | L472: 模拟
A473: 472 | B473: =D473&"-"&C473&"-"&K473 -> CS6E-R041-1 | C473: =G473&TEXT(H473,"000") -> R041 | D473: CS6E | E473: 信令-EKu | F473: XL | G473: R | H473: 41 | I473: H | J473: EKu | K473: 1 | L473: 模拟
A474: 473 | B474: =D474&"-"&C474&"-"&K474 -> CS6E-T001-1 | C474: =G474&TEXT(H474,"000") -> T001 | D474: CS6E | E474: 1 | F474: S01 | G474: T | H474: 1 | I474: V | J474: Ku | K474: 1 | L474: 模拟
A475: 474 | B475: =D475&"-"&C475&"-"&K475 -> CS6E-T002-24 | C475: =G475&TEXT(H475,"000") -> T002 | D475: CS6E | E475: 1 | F475: S01 | G475: T | H475: 2 | I475: V | J475: Ku | K475: 24 | L475: 数字
A476: 475 | B476: =D476&"-"&C476&"-"&K476 -> CS6E-T003-1 | C476: =G476&TEXT(H476,"000") -> T003 | D476: CS6E | E476: 2 | F476: S02 | G476: T | H476: 3 | I476: V | J476: Ku | K476: 1 | L476: 模拟
A477: 476 | B477: =D477&"-"&C477&"-"&K477 -> CS6E-T004-24 | C477: =G477&TEXT(H477,"000") -> T004 | D477: CS6E | E477: 2 | F477: S02 | G477: T | H477: 4 | I477: V | J477: Ku | K477: 24 | L477: 数字
A478: 477 | B478: =D478&"-"&C478&"-"&K478 -> CS6E-T005-1 | C478: =G478&TEXT(H478,"000") -> T005 | D478: CS6E | E478: 3 | F478: S03 | G478: T | H478: 5 | I478: V | J478: Ku | K478: 1 | L478: 模拟
A479: 478 | B479: =D479&"-"&C479&"-"&K479 -> CS6E-T006-28 | C479: =G479&TEXT(H479,"000") -> T006 | D479: CS6E | E479: 3 | F479: S03 | G479: T | H479: 6 | I479: V | J479: Ku | K479: 28 | L479: 数字
A480: 479 | B480: =D480&"-"&C480&"-"&K480 -> CS6E-T007-1 | C480: =G480&TEXT(H480,"000") -> T007 | D480: CS6E | E480: 4 | F480: S04 | G480: T | H480: 7 | I480: V | J480: Ku | K480: 1 | L480: 模拟
A481: 480 | B481: =D481&"-"&C481&"-"&K481 -> CS6E-T008-24 | C481: =G481&TEXT(H481,"000") -> T008 | D481: CS6E | E481: 4 | F481: S04 | G481: T | H481: 8 | I481: V | J481: Ku | K481: 24 | L481: 数字
A482: 481 | B482: =D482&"-"&C482&"-"&K482 -> CS6E-T009-1 | C482: =G482&TEXT(H482,"000") -> T009 | D482: CS6E | E482: 5 | F482: S05 | G482: T | H482: 9 | I482: H | J482: Ku | K482: 1 | L482: 模拟
A483: 482 | B483: =D483&"-"&C483&"-"&K483 -> CS6E-T010-180 | C483: =G483&TEXT(H483,"000") -> T010 | D483: CS6E | E483: 5 | F483: S05 | G483: T | H483: 10 | I483: H | J483: Ku | K483: 180 | L483: 数字
A484: 483 | B484: =D484&"-"&C484&"-"&K484 -> CS6E-T011-1 | C484: =G484&TEXT(H484,"000") -> T011 | D484: CS6E | E484: 6 | F484: S06 | G484: T | H484: 11 | I484: V | J484: EKu | K484: 1 | L484: 模拟
A485: 484 | B485: =D485&"-"&C485&"-"&K485 -> CS6E-T012-28 | C485: =G485&TEXT(H485,"000") -> T012 | D485: CS6E | E485: 6 | F485: S06 | G485: T | H485: 12 | I485: V | J485: EKu | K485: 28 | L485: 数字
... A508: 507 | B508: =D508&"-"&C508&"-"&K508 -> CS6E-T035-40 | C508: =G508&TEXT(H508,"000") -> T035 | D508: CS6E | E508: 24 | F508: S24 | G508: T | H508: 35 | I508: V | J508: Ku | K508: 40 | L508: 数字
A509: 508 | B509: =D509&"-"&C509&"-"&K509 -> CS6E-T036-12 | C509: =G509&TEXT(H509,"000") -> T036 | D509: CS6E | E509: 馈电波束-怀来 | F509: K-HL | G509: T | H509: 36 | I509: L | J509: Ka | K509: 12 | L509: 模拟
A510: 509 | B510: =D510&"-"&C510&"-"&K510 -> CS6E-T037-224 | C510: =G510&TEXT(H510,"000") -> T037 | D510: CS6E | E510: 馈电波束-怀来 | F510: K-HL | G510: T | H510: 37 | I510: L | J510: Ka | K510: 224 | L510: 数字
A511: 510 | B511: =D511&"-"&C511&"-"&K511 -> CS6E-T038-12 | C511: =G511&TEXT(H511,"000") -> T038 | D511: CS6E | E511: 馈电波束-怀来 | F511: K-HL | G511: T | H511: 38 | I511: R | J511: Ka | K511: 12 | L511: 模拟
A512: 511 | B512: =D512&"-"&C512&"-"&K512 -> CS6E-T039-340 | C512: =G512&TEXT(H512,"000") -> T039 | D512: CS6E | E512: 馈电波束-怀来 | F512: K-HL | G512: T | H512: 39 | I512: R | J512: Ka | K512: 340 | L512: 数字
A513: 512 | B513: =D513&"-"&C513&"-"&K513 -> CS6E-T040-1 | C513: =G513&TEXT(H513,"000") -> T040 | D513: CS6E | E513: 信令-Ku | F513: XL | G513: T | H513: 40 | I513: V | J513: Ku | K513: 1 | L513: 模拟
A514: 513 | B514: =D514&"-"&C514&"-"&K514 -> CS6E-T041-1 | C514: =G514&TEXT(H514,"000") -> T041 | D514: CS6E | E514: 信令-EKu | F514: XL | G514: T | H514: 41 | I514: V | J514: EKu | K514: 1 | L514: 模拟
A515: 514 | B515: =D515&"-"&C515&"-"&K515 -> IS35E-R001-1 | C515: =G515&TEXT(H515,"000") -> R001 | D515: IS35E | E515: 外星波束 | F515: OUT | G515: R | H515: 1 | I515: V | J515: C | K515: 1
A516: 515 | B516: =D516&"-"&C516&"-"&K516 -> IS35E-T001-1 | C516: =G516&TEXT(H516,"000") -> T001 | D516: IS35E | E516: 外星波束 | F516: OUT | G516: T | H516: =INT((ROW(H515)-514)/2)+1 -> 1 | I516: V | J516: C | K516: 1
A517: 516 | B517: =D517&"-"&C517&"-"&K517 -> IS35E-R002-1 | C517: =G517&TEXT(H517,"000") -> R002 | D517: IS35E | E517: 外星波束 | F517: OUT | G517: R | H517: =INT((ROW(H516)-514)/2)+1 -> 2 | I517: V | J517: C | K517: 1
A518: 517 | B518: =D518&"-"&C518&"-"&K518 -> IS35E-T002-1 | C518: =G518&TEXT(H518,"000") -> T002 | D518: IS35E | E518: 外星波束 | F518: OUT | G518: T | H518: =INT((ROW(H517)-514)/2)+1 -> 2 | I518: V | J518: C | K518: 1
A519: 518 | B519: =D519&"-"&C519&"-"&K519 -> IS35E-R003-1 | C519: =G519&TEXT(H519,"000") -> R003 | D519: IS35E | E519: 外星波束 | F519: OUT | G519: R | H519: =INT((ROW(H518)-514)/2)+1 -> 3 | I519: V | J519: C | K519: 1
A520: 519 | B520: =D520&"-"&C520&"-"&K520 -> IS35E-T003-1 | C520: =G520&TEXT(H520,"000") -> T003 | D520: IS35E | E520: 外星波束 | F520: OUT | G520: T | H520: =INT((ROW(H519)-514)/2)+1 -> 3 | I520: V | J520: C | K520: 1
A521: 520 | B521: =D521&"-"&C521&"-"&K521 -> IS35E-R004-1 | C521: =G521&TEXT(H521,"000") -> R004 | D521: IS35E | E521: 外星波束 | F521: OUT | G521: R | H521: =INT((ROW(H520)-514)/2)+1 -> 4 | I521: V | J521: C | K521: 1
A522: 521 | B522: =D522&"-"&C522&"-"&K522 -> IS35E-T004-1 | C522: =G522&TEXT(H522,"000") -> T004 | D522: IS35E | E522: 外星波束 | F522: OUT | G522: T | H522: =INT((ROW(H521)-514)/2)+1 -> 4 | I522: V | J522: C | K522: 1
A523: 522 | B523: =D523&"-"&C523&"-"&K523 -> IS39-R005-1 | C523: =G523&TEXT(H523,"000") -> R005 | D523: IS39 | E523: 外星波束 | F523: OUT | G523: R | H523: =INT((ROW(H522)-514)/2)+1 -> 5 | I523: V | J523: C | K523: 1
A524: 523 | B524: =D524&"-"&C524&"-"&K524 -> IS39-T005-1 | C524: =G524&TEXT(H524,"000") -> T005 | D524: IS39 | E524: 外星波束 | F524: OUT | G524: T | H524: =INT((ROW(H523)-514)/2)+1 -> 5 | I524: V | J524: C | K524: 1
A525: 524 | B525: =D525&"-"&C525&"-"&K525 -> IS39-R006-1 | C525: =G525&TEXT(H525,"000") -> R006 | D525: IS39 | E525: 外星波束 | F525: OUT | G525: R | H525: =INT((ROW(H524)-514)/2)+1 -> 6 | I525: V | J525: C | K525: 1
A526: 525 | B526: =D526&"-"&C526&"-"&K526 -> IS39-T006-1 | C526: =G526&TEXT(H526,"000") -> T006 | D526: IS39 | E526: 外星波束 | F526: OUT | G526: T | H526: =INT((ROW(H525)-514)/2)+1 -> 6 | I526: V | J526: C | K526: 1
A527: 526 | B527: =D527&"-"&C527&"-"&K527 -> IS39-R007-1 | C527: =G527&TEXT(H527,"000") -> R007 | D527: IS39 | E527: 外星波束 | F527: OUT | G527: R | H527: =INT((ROW(H526)-514)/2)+1 -> 7 | I527: V | J527: C | K527: 1
... A748: 747 | B748: =D748&"-"&C748&"-"&K748 -> E10B-T117-1 | C748: =G748&TEXT(H748,"000") -> T117 | D748: E10B | E748: 区域波束 | F748: N | G748: T | H748: =INT((ROW(H747)-514)/2)+1 -> 117 | I748: V | J748: Ku | K748: 1

Sheet 通道清单
A1: ID | B1: 通道代号 | C1: 通道全称 | D1: 通道简称 | E1: 索引收发 | F1: 索引波束 | G1: 索引极化 | H1: 通道组代号 | I1: 参考序号 | J1: 通道带宽 | K1: 通道起频率 | L1: 通道止频率 | M1: 常用名-旧 | N1: 常用名 | O1: 索引“卫星”
A2: 1 | B2: =H2&"-"&I2 -> CS10R-R001-9-1 | C2: =O2&"-"&D2 -> CS10R-RC1A | D2: RC1A | E2: =VLOOKUP(H2,通道基本信息!B:K,6,0) -> R | F2: =VLOOKUP(H2,通道基本信息!B:K,5,0) -> C | G2: =VLOOKUP(H2,通道基本信息!B:K,8,0) -> H | H2: CS10R-R001-9 | I2: 1 | J2: 30 | K2: 14008 | L2: 14038 | M2: C1A | N2: C1A | O2: =VLOOKUP(H2,通道基本信息!B:L,3,FALSE) -> CS10R
A3: 2 | B3: =H3&"-"&I3 -> CS10R-R001-9-2 | C3: =O3&"-"&D3 -> CS10R-RC2A | D3: RC2A | E3: =VLOOKUP(H3,通道基本信息!B:K,6,0) -> R | F3: =VLOOKUP(H3,通道基本信息!B:K,5,0) -> C | G3: =VLOOKUP(H3,通道基本信息!B:K,8,0) -> H | H3: CS10R-R001-9 | I3: 2 | J3: 54 | K3: 14043 | L3: 14097 | M3: C2A | N3: C2A | O3: =VLOOKUP(H3,通道基本信息!B:L,3,FALSE) -> CS10R
A4: 3 | B4: =H4&"-"&I4 -> CS10R-R001-9-3 | C4: =O4&"-"&D4 -> CS10R-RC3A | D4: RC3A | E4: =VLOOKUP(H4,通道基本信息!B:K,6,0) -> R | F4: =VLOOKUP(H4,通道基本信息!B:K,5,0) -> C | G4: =VLOOKUP(H4,通道基本信息!B:K,8,0) -> H | H4: CS10R-R001-9 | I4: 3 | J4: 54 | K4: 14103 | L4: 14157 | M4: C3A | N4: C3A | O4: =VLOOKUP(H4,通道基本信息!B:L,3,FALSE) -> CS10R
A5: 4 | B5: =H5&"-"&I5 -> CS10R-R001-9-4 | C5: =O5&"-"&D5 -> CS10R-RC4A | D5: RC4A | E5: =VLOOKUP(H5,通道基本信息!B:K,6,0) -> R | F5: =VLOOKUP(H5,通道基本信息!B:K,5,0) -> C | G5: =VLOOKUP(H5,通道基本信息!B:K,8,0) -> H | H5: CS10R-R001-9 | I5: 4 | J5: 54 | K5: 14163 | L5: 14217 | M5: C4A | N5: C4A | O5: =VLOOKUP(H5,通道基本信息!B:L,3,FALSE) -> CS10R
A6: 5 | B6: =H6&"-"&I6 -> CS10R-R001-9-5 | C6: =O6&"-"&D6 -> CS10R-RC5A | D6: RC5A | E6: =VLOOKUP(H6,通道基本信息!B:K,6,0) -> R | F6: =VLOOKUP(H6,通道基本信息!B:K,5,0) -> C | G6: =VLOOKUP(H6,通道基本信息!B:K,8,0) -> H | H6: CS10R-R001-9 | I6: 5 | J6: 54 | K6: 14223 | L6: 14277 | M6: C5A | N6: C5A | O6: =VLOOKUP(H6,通道基本信息!B:L,3,FALSE) -> CS10R
A7: 6 | B7: =H7&"-"&I7 -> CS10R-R001-9-6 | C7: =O7&"-"&D7 -> CS10R-RC6A | D7: RC6A | E7: =VLOOKUP(H7,通道基本信息!B:K,6,0) -> R | F7: =VLOOKUP(H7,通道基本信息!B:K,5,0) -> C | G7: =VLOOKUP(H7,通道基本信息!B:K,8,0) -> H | H7: CS10R-R001-9 | I7: 6 | J7: 54 | K7: 14283 | L7: 14337 | M7: C6A | N7: C6A | O7: =VLOOKUP(H7,通道基本信息!B:L,3,FALSE) -> CS10R
A8: 7 | B8: =H8&"-"&I8 -> CS10R-R001-9-7 | C8: =O8&"-"&D8 -> CS10R-RC7A | D8: RC7A | E8: =VLOOKUP(H8,通道基本信息!B:K,6,0) -> R | F8: =VLOOKUP(H8,通道基本信息!B:K,5,0) -> C | G8: =VLOOKUP(H8,通道基本信息!B:K,8,0) -> H | H8: CS10R-R001-9 | I8: 7 | J8: 54 | K8: 14343 | L8: 14397 | M8: C7A | N8: C7A | O8: =VLOOKUP(H8,通道基本信息!B:L,3,FALSE) -> CS10R
A9: 8 | B9: =H9&"-"&I9 -> CS10R-R001-9-8 | C9: =O9&"-"&D9 -> CS10R-RC8A | D9: RC8A | E9: =VLOOKUP(H9,通道基本信息!B:K,6,0) -> R | F9: =VLOOKUP(H9,通道基本信息!B:K,5,0) -> C | G9: =VLOOKUP(H9,通道基本信息!B:K,8,0) -> H | H9: CS10R-R001-9 | I9: 8 | J9: 54 | K9: 14403 | L9: 14457 | M9: C8A | N9: C8A | O9: =VLOOKUP(H9,通道基本信息!B:L,3,FALSE) -> CS10R
A10: 9 | B10: =H10&"-"&I10 -> CS10R-R001-9-9 | C10: =O10&"-"&D10 -> CS10R-RC9A | D10: RC9A | E10: =VLOOKUP(H10,通道基本信息!B:K,6,0) -> R | F10: =VLOOKUP(H10,通道基本信息!B:K,5,0) -> C | G10: =VLOOKUP(H10,通道基本信息!B:K,8,0) -> H | H10: CS10R-R001-9 | I10: 9 | J10: 30 | K10: 14463 | L10: 14493 | M10: C9A | N10: C9A | O10: =VLOOKUP(H10,通道基本信息!B:L,3,FALSE) -> CS10R
A11: 10 | B11: =H11&"-"&I11 -> CS10R-R002-4-1 | C11: =O11&"-"&D11 -> CS10R-RC11A | D11: RC11A | E11: =VLOOKUP(H11,通道基本信息!B:K,6,0) -> R | F11: =VLOOKUP(H11,通道基本信息!B:K,5,0) -> C | G11: =VLOOKUP(H11,通道基本信息!B:K,8,0) -> H | H11: CS10R-R002-4 | I11: 1 | J11: 34 | K11: 13762 | L11: 13796 | M11: C11A | N11: C11A | O11: =VLOOKUP(H11,通道基本信息!B:L,3,FALSE) -> CS10R
A12: 11 | B12: =H12&"-"&I12 -> CS10R-R002-4-2 | C12: =O12&"-"&D12 -> CS10R-RC12A | D12: RC12A | E12: =VLOOKUP(H12,通道基本信息!B:K,6,0) -> R | F12: =VLOOKUP(H12,通道基本信息!B:K,5,0) -> C | G12: =VLOOKUP(H12,通道基本信息!B:K,8,0) -> H | H12: CS10R-R002-4 | I12: 2 | J12: 65 | K12: 13806 | L12: 13871 | M12: C12A | N12: C12A | O12: =VLOOKUP(H12,通道基本信息!B:L,3,FALSE) -> CS10R
A13: 12 | B13: =H13&"-"&I13 -> CS10R-R002-4-3 | C13: =O13&"-"&D13 -> CS10R-RC13A | D13: RC13A | E13: =VLOOKUP(H13,通道基本信息!B:K,6,0) -> R | F13: =VLOOKUP(H13,通道基本信息!B:K,5,0) -> C | G13: =VLOOKUP(H13,通道基本信息!B:K,8,0) -> H | H13: CS10R-R002-4 | I13: 3 | J13: 52 | K13: 13878 | L13: 13930 | M13: C13A | N13: C13A | O13: =VLOOKUP(H13,通道基本信息!B:L,3,FALSE) -> CS10R
... A307: 306 | B307: =H307&"-"&I307 -> CS15-R003-3-3 | C307: =O307&"-"&D307 -> CS15-RWC21L | D307: RWC21L | E307: =VLOOKUP(H307,通道基本信息!B:K,6,0) -> R | F307: =VLOOKUP(H307,通道基本信息!B:K,5,0) -> W | G307: =VLOOKUP(H307,通道基本信息!B:K,8,0) -> L | H307: CS15-R003-3 | I307: 3 | J307: 36 | K307: 6337 | L307: 6373 | M307: C21 | N307: WC21L | O307: =VLOOKUP(H307,通道基本信息!B:L,3,FALSE) -> CS15
A308: 307 | B308: =H308&"-"&I308 -> CS15-R004-4-1 | C308: =O308&"-"&D308 -> CS15-RFK1H | D308: RFK1H | E308: =VLOOKUP(H308,通道基本信息!B:K,6,0) -> R | F308: =VLOOKUP(H308,通道基本信息!B:K,5,0) -> F | G308: =VLOOKUP(H308,通道基本信息!B:K,8,0) -> H | H308: CS15-R004-4 | I308: 1 | J308: 36 | K308: 14252 | L308: 14288 | N308: K1 | O308: =VLOOKUP(H308,通道基本信息!B:L,3,FALSE) -> CS15
A309: 308 | B309: =H309&"-"&I309 -> CS15-R004-4-2 | C309: =O309&"-"&D309 -> CS15-RFK5H | D309: RFK5H | E309: =VLOOKUP(H309,通道基本信息!B:K,6,0) -> R | F309: =VLOOKUP(H309,通道基本信息!B:K,5,0) -> F | G309: =VLOOKUP(H309,通道基本信息!B:K,8,0) -> H | H309: CS15-R004-4 | I309: 2 | J309: 36 | K309: 14332 | L309: 14368 | N309: K5 | O309: =VLOOKUP(H309,通道基本信息!B:L,3,FALSE) -> CS15
A310: 309 | B310: =H310&"-"&I310 -> CS15-R004-4-3 | C310: =O310&"-"&D310 -> CS15-RFK7H | D310: RFK7H | E310: =VLOOKUP(H310,通道基本信息!B:K,6,0) -> R | F310: =VLOOKUP(H310,通道基本信息!B:K,5,0) -> F | G310: =VLOOKUP(H310,通道基本信息!B:K,8,0) -> H | H310: CS15-R004-4 | I310: 3 | J310: 36 | K310: 14372 | L310: 14408 | N310: K7 | O310: =VLOOKUP(H310,通道基本信息!B:L,3,FALSE) -> CS15
A311: 310 | B311: =H311&"-"&I311 -> CS15-R004-4-4 | C311: =O311&"-"&D311 -> CS15-RFK11H | D311: RFK11H | E311: =VLOOKUP(H311,通道基本信息!B:K,6,0) -> R | F311: =VLOOKUP(H311,通道基本信息!B:K,5,0) -> F | G311: =VLOOKUP(H311,通道基本信息!B:K,8,0) -> H | H311: CS15-R004-4 | I311: 4 | J311: 36 | K311: 14452 | L311: 14488 | N311: K11 | O311: =VLOOKUP(H311,通道基本信息!B:L,3,FALSE) -> CS15
A312: 311 | B312: =H312&"-"&I312 -> CS15-T001-5-1 | C312: =O312&"-"&D312 -> CS15-TAC9R | D312: TAC9R | E312: =VLOOKUP(H312,通道基本信息!B:K,6,0) -> T | F312: =VLOOKUP(H312,通道基本信息!B:K,5,0) -> A | G312: =VLOOKUP(H312,通道基本信息!B:K,8,0) -> R | H312: CS15-T001-5 | I312: 1 | J312: 36 | K312: 3732 | L312: 3768 | M312: C9 | N312: AC9R | O312: =VLOOKUP(H312,通道基本信息!B:L,3,FALSE) -> CS15
A313: 312 | B313: =H313&"-"&I313 -> CS15-T001-5-2 | C313: =O313&"-"&D313 -> CS15-TAC11R | D313: TAC11R | E313: =VLOOKUP(H313,通道基本信息!B:K,6,0) -> T | F313: =VLOOKUP(H313,通道基本信息!B:K,5,0) -> A | G313: =VLOOKUP(H313,通道基本信息!B:K,8,0) -> R | H313: CS15-T001-5 | I313: 2 | J313: 36 | K313: 3772 | L313: 3808 | M313: C11 | N313: AC11R | O313: =VLOOKUP(H313,通道基本信息!B:L,3,FALSE) -> CS15
A314: 313 | B314: =H314&"-"&I314 -> CS15-T001-5-3 | C314: =O314&"-"&D314 -> CS15-TAC13R | D314: TAC13R | E314: =VLOOKUP(H314,通道基本信息!B:K,6,0) -> T | F314: =VLOOKUP(H314,通道基本信息!B:K,5,0) -> A | G314: =VLOOKUP(H314,通道基本信息!B:K,8,0) -> R | H314: CS15-T001-5 | I314: 3 | J314: 36 | K314: 3812 | L314: 3848 | M314: C13 | N314: AC13R | O314: =VLOOKUP(H314,通道基本信息!B:L,3,FALSE) -> CS15
A315: 314 | B315: =H315&"-"&I315 -> CS15-T001-5-4 | C315: =O315&"-"&D315 -> CS15-TAC15R | D315: TAC15R | E315: =VLOOKUP(H315,通道基本信息!B:K,6,0) -> T | F315: =VLOOKUP(H315,通道基本信息!B:K,5,0) -> A | G315: =VLOOKUP(H315,通道基本信息!B:K,8,0) -> R | H315: CS15-T001-5 | I315: 4 | J315: 36 | K315: 3852 | L315: 3888 | M315: C15 | N315: AC15R | O315: =VLOOKUP(H315,通道基本信息!B:L,3,FALSE) -> CS15
A316: 315 | B316: =H316&"-"&I316 -> CS15-T001-5-5 | C316: =O316&"-"&D316 -> CS15-TAC17R | D316: TAC17R | E316: =VLOOKUP(H316,通道基本信息!B:K,6,0) -> T | F316: =VLOOKUP(H316,通道基本信息!B:K,5,0) -> A | G316: =VLOOKUP(H316,通道基本信息!B:K,8,0) -> R | H316: CS15-T001-5 | I316: 5 | J316: 36 | K316: 3892 | L316: 3928 | M316: C17 | N316: AC17R | O316: =VLOOKUP(H316,通道基本信息!B:L,3,FALSE) -> CS15
A317: 316 | B317: =H317&"-"&I317 -> CS15-T002-2-1 | C317: =O317&"-"&D317 -> CS15-TEC19R | D317: TEC19R | E317: =VLOOKUP(H317,通道基本信息!B:K,6,0) -> T | F317: =VLOOKUP(H317,通道基本信息!B:K,5,0) -> E | G317: =VLOOKUP(H317,通道基本信息!B:K,8,0) -> R | H317: CS15-T002-2 | I317: 1 | J317: 36 | K317: 4072 | L317: 4108 | M317: C19 | N317: EC19R | O317: =VLOOKUP(H317,通道基本信息!B:L,3,FALSE) -> CS15
A318: 317 | B318: =H318&"-"&I318 -> CS15-T002-2-2 | C318: =O318&"-"&D318 -> CS15-TEC21R | D318: TEC21R | E318: =VLOOKUP(H318,通道基本信息!B:K,6,0) -> T | F318: =VLOOKUP(H318,通道基本信息!B:K,5,0) -> E | G318: =VLOOKUP(H318,通道基本信息!B:K,8,0) -> R | H318: CS15-T002-2 | I318: 2 | J318: 36 | K318: 4112 | L318: 4148 | M318: C21 | N318: EC21R | O318: =VLOOKUP(H318,通道基本信息!B:L,3,FALSE) -> CS15
A319: 318 | B319: =H319&"-"&I319 -> CS15-T003-3-1 | C319: =O319&"-"&D319 -> CS15-TWC17R | D319: TWC17R | E319: =VLOOKUP(H319,通道基本信息!B:K,6,0) -> T | F319: =VLOOKUP(H319,通道基本信息!B:K,5,0) -> W | G319: =VLOOKUP(H319,通道基本信息!B:K,8,0) -> R | H319: CS15-T003-3 | I319: 1 | J319: 36 | K319: 3892 | L319: 3928 | M319: C17 | N319: WC17R | O319: =VLOOKUP(H319,通道基本信息!B:L,3,FALSE) -> CS15
A320: 319 | B320: =H320&"-"&I320 -> CS15-T003-3-2 | C320: =O320&"-"&D320 -> CS15-TWC19R | D320: TWC19R | E320: =VLOOKUP(H320,通道基本信息!B:K,6,0) -> T | F320: =VLOOKUP(H320,通道基本信息!B:K,5,0) -> W | G320: =VLOOKUP(H320,通道基本信息!B:K,8,0) -> R | H320: CS15-T003-3 | I320: 2 | J320: 36 | K320: 4072 | L320: 4108 | M320: C19 | N320: WC19R | O320: =VLOOKUP(H320,通道基本信息!B:L,3,FALSE) -> CS15
A321: 320 | B321: =H321&"-"&I321 -> CS15-T003-3-3 | C321: =O321&"-"&D321 -> CS15-TWC21R | D321: TWC21R | E321: =VLOOKUP(H321,通道基本信息!B:K,6,0) -> T | F321: =VLOOKUP(H321,通道基本信息!B:K,5,0) -> W | G321: =VLOOKUP(H321,通道基本信息!B:K,8,0) -> R | H321: CS15-T003-3 | I321: 3 | J321: 36 | K321: 4112 | L321: 4148 | M321: C21 | N321: WC21R | O321: =VLOOKUP(H321,通道基本信息!B:L,3,FALSE) -> CS15
A322: 319 | B322: =H322&"-"&I322 -> CS19-R001-2-1 | C322: =O322&"-"&D322 -> CS19-RWC1R | D322: RWC1R | E322: =VLOOKUP(H322,通道基本信息!B:K,6,0) -> R | F322: =VLOOKUP(H322,通道基本信息!B:K,5,0) -> W | G322: =VLOOKUP(H322,通道基本信息!B:K,8,0) -> R | H322: CS19-R001-2 | I322: 1 | J322: 36 | K322: 6333.5 | L322: 6369.5 | M322: C1 | N322: WC1R | O322: =VLOOKUP(H322,通道基本信息!B:L,3,FALSE) -> CS19
A323: 320 | B323: =H323&"-"&I323 -> CS19-R001-2-2 | C323: =O323&"-"&D323 -> CS19-RWC2R | D323: RWC2R | E323: =VLOOKUP(H323,通道基本信息!B:K,6,0) -> R | F323: =VLOOKUP(H323,通道基本信息!B:K,5,0) -> W | G323: =VLOOKUP(H323,通道基本信息!B:K,8,0) -> R | H323: CS19-R001-2 | I323: 2 | J323: 36 | K323: 6374.5 | L323: 6410.5 | M323: C2 | N323: WC2R | O323: =VLOOKUP(H323,通道基本信息!B:L,3,FALSE) -> CS19
... A820: 817 | B820: =H820&"-"&I820 -> CS9C-T008-1-1 | C820: =O820&"-"&D820 -> CS9C-THKu-KaR | D820: THKu-KaR | E820: =VLOOKUP(H820,通道基本信息!B:K,6,0) -> T | F820: =VLOOKUP(H820,通道基本信息!B:K,5,0) -> H | G820: =VLOOKUP(H820,通道基本信息!B:K,8,0) -> R | H820: CS9C-T008-1 | I820: 1 | J820: 200 | K820: 21490 | L820: 21690 | M820: Ku-Ka | N820: HKu-KaR | O820: =VLOOKUP(H820,通道基本信息!B:L,3,FALSE) -> CS9C
A821: 818 | B821: =H821&"-"&I821 -> CS19-R007-1-1 | C821: =O821&"-"&D821 -> CS19-RY1L | D821: RY1L | E821: =VLOOKUP(H821,通道基本信息!B:K,6,0) -> R | F821: =VLOOKUP(H821,通道基本信息!B:K,5,0) -> Y | G821: =VLOOKUP(H821,通道基本信息!B:K,8,0) -> L | H821: CS19-R007-1 | I821: 1 | J821: 50 | K821: 29095 | L821: 29145 | N821: Y1L | O821: =VLOOKUP(H821,通道基本信息!B:L,3,FALSE) -> CS19
A822: 819 | B822: =H822&"-"&I822 -> CS19-R008-1-1 | C822: =O822&"-"&D822 -> CS19-RY2L | D822: RY2L | E822: =VLOOKUP(H822,通道基本信息!B:K,6,0) -> R | F822: =VLOOKUP(H822,通道基本信息!B:K,5,0) -> Y | G822: =VLOOKUP(H822,通道基本信息!B:K,8,0) -> L | H822: CS19-R008-1 | I822: 1 | J822: 50 | K822: 29151 | L822: 29201 | N822: Y2L | O822: =VLOOKUP(H822,通道基本信息!B:L,3,FALSE) -> CS19
A823: 820 | B823: =H823&"-"&I823 -> CS19-R009-1-1 | C823: =O823&"-"&D823 -> CS19-RY3L | D823: RY3L | E823: =VLOOKUP(H823,通道基本信息!B:K,6,0) -> R | F823: =VLOOKUP(H823,通道基本信息!B:K,5,0) -> Y | G823: =VLOOKUP(H823,通道基本信息!B:K,8,0) -> L | H823: CS19-R009-1 | I823: 1 | J823: 50 | K823: 29207 | L823: 29257 | N823: Y3L | O823: =VLOOKUP(H823,通道基本信息!B:L,3,FALSE) -> CS19
A824: 821 | B824: =H824&"-"&I824 -> CS19-R010-1-1 | C824: =O824&"-"&D824 -> CS19-RY4L | D824: RY4L | E824: =VLOOKUP(H824,通道基本信息!B:K,6,0) -> R | F824: =VLOOKUP(H824,通道基本信息!B:K,5,0) -> Y | G824: =VLOOKUP(H824,通道基本信息!B:K,8,0) -> L | H824: CS19-R010-1 | I824: 1 | J824: 50 | K824: 29023 | L824: 29073 | N824: Y4L | O824: =VLOOKUP(H824,通道基本信息!B:L,3,FALSE) -> CS19
A825: 822 | B825: =H825&"-"&I825 -> CS19-R011-1-1 | C825: =O825&"-"&D825 -> CS19-RY5R | D825: RY5R | E825: =VLOOKUP(H825,通道基本信息!B:K,6,0) -> R | F825: =VLOOKUP(H825,通道基本信息!B:K,5,0) -> Y | G825: =VLOOKUP(H825,通道基本信息!B:K,8,0) -> R | H825: CS19-R011-1 | I825: 1 | J825: 50 | K825: 29207 | L825: 29257 | N825: Y5R | O825: =VLOOKUP(H825,通道基本信息!B:L,3,FALSE) -> CS19
A826: 823 | B826: =H826&"-"&I826 -> CS19-R012-1-1 | C826: =O826&"-"&D826 -> CS19-RY6R | D826: RY6R | E826: =VLOOKUP(H826,通道基本信息!B:K,6,0) -> R | F826: =VLOOKUP(H826,通道基本信息!B:K,5,0) -> Y | G826: =VLOOKUP(H826,通道基本信息!B:K,8,0) -> R | H826: CS19-R012-1 | I826: 1 | J826: 50 | K826: 29095 | L826: 29145 | N826: Y6R | O826: =VLOOKUP(H826,通道基本信息!B:L,3,FALSE) -> CS19
A827: 824 | B827: =H827&"-"&I827 -> CS19-R013-1-1 | C827: =O827&"-"&D827 -> CS19-RY7R | D827: RY7R | E827: =VLOOKUP(H827,通道基本信息!B:K,6,0) -> R | F827: =VLOOKUP(H827,通道基本信息!B:K,5,0) -> Y | G827: =VLOOKUP(H827,通道基本信息!B:K,8,0) -> R | H827: CS19-R013-1 | I827: 1 | J827: 50 | K827: 29263 | L827: 29313 | N827: Y7R | O827: =VLOOKUP(H827,通道基本信息!B:L,3,FALSE) -> CS19
A828: 825 | B828: =H828&"-"&I828 -> CS19-R014-1-1 | C828: =O828&"-"&D828 -> CS19-RY8L | D828: RY8L | E828: =VLOOKUP(H828,通道基本信息!B:K,6,0) -> R | F828: =VLOOKUP(H828,通道基本信息!B:K,5,0) -> Y | G828: =VLOOKUP(H828,通道基本信息!B:K,8,0) -> L | H828: CS19-R014-1 | I828: 1 | J828: 50 | K828: 29263 | L828: 29313 | N828: Y8L | O828: =VLOOKUP(H828,通道基本信息!B:L,3,FALSE) -> CS19
A829: 826 | B829: =H829&"-"&I829 -> CS19-R015-1-1 | C829: =O829&"-"&D829 -> CS19-RY9R | D829: RY9R | E829: =VLOOKUP(H829,通道基本信息!B:K,6,0) -> R | F829: =VLOOKUP(H829,通道基本信息!B:K,5,0) -> Y | G829: =VLOOKUP(H829,通道基本信息!B:K,8,0) -> R | H829: CS19-R015-1 | I829: 1 | J829: 50 | K829: 29151 | L829: 29201 | N829: Y9R | O829: =VLOOKUP(H829,通道基本信息!B:L,3,FALSE) -> CS19
A830: 827 | B830: =H830&"-"&I830 -> CS19-R016-1-1 | C830: =O830&"-"&D830 -> CS19-RY10R | D830: RY10R | E830: =VLOOKUP(H830,通道基本信息!B:K,6,0) -> R | F830: =VLOOKUP(H830,通道基本信息!B:K,5,0) -> Y | G830: =VLOOKUP(H830,通道基本信息!B:K,8,0) -> R | H830: CS19-R016-1 | I830: 1 | J830: 50 | K830: 29375 | L830: 29425 | N830: Y10R | O830: =VLOOKUP(H830,通道基本信息!B:L,3,FALSE) -> CS19
A831: 828 | B831: =H831&"-"&I831 -> CS19-R017-1-1 | C831: =O831&"-"&D831 -> CS19-RY11R | D831: RY11R | E831: =VLOOKUP(H831,通道基本信息!B:K,6,0) -> R | F831: =VLOOKUP(H831,通道基本信息!B:K,5,0) -> Y | G831: =VLOOKUP(H831,通道基本信息!B:K,8,0) -> R | H831: CS19-R017-1 | I831: 1 | J831: 50 | K831: 29319 | L831: 29369 | N831: Y11R | O831: =VLOOKUP(H831,通道基本信息!B:L,3,FALSE) -> CS19
A832: 829 | B832: =H832&"-"&I832 -> CS19-R018-1-1 | C832: =O832&"-"&D832 -> CS19-RY12R | D832: RY12R | E832: =VLOOKUP(H832,通道基本信息!B:K,6,0) -> R | F832: =VLOOKUP(H832,通道基本信息!B:K,5,0) -> Y | G832: =VLOOKUP(H832,通道基本信息!B:K,8,0) -> R | H832: CS19-R018-1 | I832: 1 | J832: 50 | K832: 29023 | L832: 29073 | N832: Y12R | O832: =VLOOKUP(H832,通道基本信息!B:L,3,FALSE) -> CS19
... A3852: 3849 | B3852: =H3852&"-"&I3852 -> CS6E-T041-1-1 | C3852: =O3852&"-"&D3852 -> CS6E-TXL-001-V-A | D3852: TXL-001-V-A | E3852: =VLOOKUP(H3852,通道基本信息!B:K,6,0) -> T | F3852: =VLOOKUP(H3852,通道基本信息!B:K,5,0) -> XL | G3852: =VLOOKUP(H3852,通道基本信息!B:K,8,0) -> V | H3852: CS6E-T041-1 | I3852: 1 | J3852: 10 | K3852: 11450 | L3852: 11460 | N3852: XL-001-V-A | O3852: =VLOOKUP(H3852,通道基本信息!B:L,3,FALSE) -> CS6E
A3853: 3850 | B3853: =H3853&"-"&I3853 -> IS35E-R001-1-1 | C3853: =O3853&"-"&D3853 -> IS35E-RC02L1C01R2 | D3853: RC02L1C01R2 | E3853: =VLOOKUP(H3853,通道基本信息!B:K,6,0) -> R | F3853: =VLOOKUP(H3853,通道基本信息!B:K,5,0) -> OUT | G3853: =VLOOKUP(H3853,通道基本信息!B:K,8,0) -> V | H3853: IS35E-R001-1 | I3853: 1 | J3853: 0.8 | K3853: 6090.7003 | L3853: 6091.5003 | M3853: IS35E | N3853: IS35E | O3853: =VLOOKUP(H3853,通道基本信息!B:L,3,FALSE) -> IS35E
A3854: 3851 | B3854: =H3854&"-"&I3854 -> IS35E-T001-1-1 | C3854: =O3854&"-"&D3854 -> IS35E-TC02L1C01R2 | D3854: TC02L1C01R2 | E3854: =VLOOKUP(H3854,通道基本信息!B:K,6,0) -> T | F3854: =VLOOKUP(H3854,通道基本信息!B:K,5,0) -> OUT | G3854: =VLOOKUP(H3854,通道基本信息!B:K,8,0) -> V | H3854: IS35E-T001-1 | I3854: 1 | J3854: 0.8 | K3854: 4097.992 | L3854: 4098.792 | M3854: IS35E | N3854: IS35E | O3854: =VLOOKUP(H3854,通道基本信息!B:L,3,FALSE) -> IS35E
A3855: 3852 | B3855: =H3855&"-"&I3855 -> IS35E-R002-1-1 | C3855: =O3855&"-"&D3855 -> IS35E-RC01LGCR | D3855: RC01LGCR | E3855: =VLOOKUP(H3855,通道基本信息!B:K,6,0) -> R | F3855: =VLOOKUP(H3855,通道基本信息!B:K,5,0) -> OUT | G3855: =VLOOKUP(H3855,通道基本信息!B:K,8,0) -> V | H3855: IS35E-R002-1 | I3855: 1 | J3855: 1.6 | K3855: 6321.49 | L3855: 6323.09 | M3855: IS35E | N3855: IS35E | O3855: =VLOOKUP(H3855,通道基本信息!B:L,3,FALSE) -> IS35E
A3856: 3853 | B3856: =H3856&"-"&I3856 -> IS35E-T002-1-1 | C3856: =O3856&"-"&D3856 -> IS35E-TC01LGCR | D3856: TC01LGCR | E3856: =VLOOKUP(H3856,通道基本信息!B:K,6,0) -> T | F3856: =VLOOKUP(H3856,通道基本信息!B:K,5,0) -> OUT | G3856: =VLOOKUP(H3856,通道基本信息!B:K,8,0) -> V | H3856: IS35E-T002-1 | I3856: 1 | J3856: 1.6 | K3856: 4158.4692 | L3856: 4160.0692 | M3856: IS35E | N3856: IS35E | O3856: =VLOOKUP(H3856,通道基本信息!B:L,3,FALSE) -> IS35E
A3857: 3854 | B3857: =H3857&"-"&I3857 -> IS35E-R003-1-1 | C3857: =O3857&"-"&D3857 -> IS35E-RC09L1C01R1 | D3857: RC09L1C01R1 | E3857: =VLOOKUP(H3857,通道基本信息!B:K,6,0) -> R | F3857: =VLOOKUP(H3857,通道基本信息!B:K,5,0) -> OUT | G3857: =VLOOKUP(H3857,通道基本信息!B:K,8,0) -> V | H3857: IS35E-R003-1 | I3857: 1 | J3857: 0.5 | K3857: 3859.78 | L3857: 3860.01 | M3857: IS35E | N3857: IS35E | O3857: =VLOOKUP(H3857,通道基本信息!B:L,3,FALSE) -> IS35E
A3858: 3855 | B3858: =H3858&"-"&I3858 -> IS35E-T003-1-1 | C3858: =O3858&"-"&D3858 -> IS35E-TC09L1C01R1 | D3858: TC09L1C01R1 | E3858: =VLOOKUP(H3858,通道基本信息!B:K,6,0) -> T | F3858: =VLOOKUP(H3858,通道基本信息!B:K,5,0) -> OUT | G3858: =VLOOKUP(H3858,通道基本信息!B:K,8,0) -> V | H3858: IS35E-T003-1 | I3858: 1 | J3858: 0.5 | K3858: 3859.78 | L3858: 3860.01 | M3858: IS35E | N3858: IS35E | O3858: =VLOOKUP(H3858,通道基本信息!B:L,3,FALSE) -> IS35E
A3859: 3856 | B3859: =H3859&"-"&I3859 -> IS35E-R004-1-1 | C3859: =O3859&"-"&D3859 -> IS35E-RC11L2C01R1 | D3859: RC11L2C01R1 | E3859: =VLOOKUP(H3859,通道基本信息!B:K,6,0) -> R | F3859: =VLOOKUP(H3859,通道基本信息!B:K,5,0) -> OUT | G3859: =VLOOKUP(H3859,通道基本信息!B:K,8,0) -> V | H3859: IS35E-R004-1 | I3859: 1 | J3859: 0.4 | K3859: 6318.89 | L3859: 6319.29 | M3859: IS35E | N3859: IS35E | O3859: =VLOOKUP(H3859,通道基本信息!B:L,3,FALSE) -> IS35E
A3860: 3857 | B3860: =H3860&"-"&I3860 -> IS35E-T004-1-1 | C3860: =O3860&"-"&D3860 -> IS35E-TC11L2C01R1 | D3860: TC11L2C01R1 | E3860: =VLOOKUP(H3860,通道基本信息!B:K,6,0) -> T | F3860: =VLOOKUP(H3860,通道基本信息!B:K,5,0) -> OUT | G3860: =VLOOKUP(H3860,通道基本信息!B:K,8,0) -> V | H3860: IS35E-T004-1 | I3860: 1 | J3860: 0.4 | K3860: 3856.9108 | L3860: 3857.3108 | M3860: IS35E | N3860: IS35E | O3860: =VLOOKUP(H3860,通道基本信息!B:L,3,FALSE) -> IS35E
A3861: 3858 | B3861: =H3861&"-"&I3861 -> IS39-R005-1-1 | C3861: =O3861&"-"&D3861 -> IS39-REHCL31WHCR | D3861: REHCL31WHCR | E3861: =VLOOKUP(H3861,通道基本信息!B:K,6,0) -> R | F3861: =VLOOKUP(H3861,通道基本信息!B:K,5,0) -> OUT | G3861: =VLOOKUP(H3861,通道基本信息!B:K,8,0) -> V | H3861: IS39-R005-1 | I3861: 1 | J3861: 4.7 | K3861: 6072.6 | L3861: 6077.3 | M3861: IS39 | N3861: IS39 | O3861: =VLOOKUP(H3861,通道基本信息!B:L,3,FALSE) -> IS39
A3862: 3859 | B3862: =H3862&"-"&I3862 -> IS39-T005-1-1 | C3862: =O3862&"-"&D3862 -> IS39-TEHCL31WHCR | D3862: TEHCL31WHCR | E3862: =VLOOKUP(H3862,通道基本信息!B:K,6,0) -> T | F3862: =VLOOKUP(H3862,通道基本信息!B:K,5,0) -> OUT | G3862: =VLOOKUP(H3862,通道基本信息!B:K,8,0) -> V | H3862: IS39-T005-1 | I3862: 1 | J3862: 4.7 | K3862: 3847.6 | L3862: 3852.3 | M3862: IS39 | N3862: IS39 | O3862: =VLOOKUP(H3862,通道基本信息!B:L,3,FALSE) -> IS39
A3863: 3860 | B3863: =H3863&"-"&I3863 -> IS39-R006-1-1 | C3863: =O3863&"-"&D3863 -> IS39-REHCL31WHCR | D3863: REHCL31WHCR | E3863: =VLOOKUP(H3863,通道基本信息!B:K,6,0) -> R | F3863: =VLOOKUP(H3863,通道基本信息!B:K,5,0) -> OUT | G3863: =VLOOKUP(H3863,通道基本信息!B:K,8,0) -> V | H3863: IS39-R006-1 | I3863: 1 | J3863: 1.7 | K3863: 6082.6 | L3863: 6084.3 | M3863: IS39 | N3863: IS39 | O3863: =VLOOKUP(H3863,通道基本信息!B:L,3,FALSE) -> IS39
A3864: 3861 | B3864: =H3864&"-"&I3864 -> IS39-T006-1-1 | C3864: =O3864&"-"&D3864 -> IS39-TEHCL31WHCR | D3864: TEHCL31WHCR | E3864: =VLOOKUP(H3864,通道基本信息!B:K,6,0) -> T | F3864: =VLOOKUP(H3864,通道基本信息!B:K,5,0) -> OUT | G3864: =VLOOKUP(H3864,通道基本信息!B:K,8,0) -> V | H3864: IS39-T006-1 | I3864: 1 | J3864: 1.7 | K3864: 3857.6 | L3864: 3859.3 | M3864: IS39 | N3864: IS39 | O3864: =VLOOKUP(H3864,通道基本信息!B:L,3,FALSE) -> IS39
... A3880: 3877 | B3880: =H3880&"-"&I3880 -> APT7-T014-1-1 | C3880: =O3880&"-"&D3880 -> APT7-TC13B | D3880: TC13B | E3880: =VLOOKUP(H3880,通道基本信息!B:K,6,0) -> T | F3880: =VLOOKUP(H3880,通道基本信息!B:K,5,0) -> APT | G3880: =VLOOKUP(H3880,通道基本信息!B:K,8,0) -> H | H3880: APT7-T014-1 | I3880: 1 | J3880: 23.3 | K3880: 4126.79 | L3880: 4150.09 | M3880: APT7 | N3880: APT7 | O3880: =VLOOKUP(H3880,通道基本信息!B:L,3,FALSE) -> APT7
A3881: 3878 | B3881: =H3881&"-"&I3881 -> APT7-R015-1-1 | C3881: =O3881&"-"&D3881 -> APT7-RKM07 | D3881: RKM07 | E3881: =VLOOKUP(H3881,通道基本信息!B:K,6,0) -> R | F3881: =VLOOKUP(H3881,通道基本信息!B:K,5,0) -> APT | G3881: =VLOOKUP(H3881,通道基本信息!B:K,8,0) -> H | H3881: APT7-R015-1 | I3881: 1 | J3881: 4 | M3881: APT7 | N3881: APT7 | O3881: =VLOOKUP(H3881,通道基本信息!B:L,3,FALSE) -> APT7
A3882: 3879 | B3882: =H3882&"-"&I3882 -> APT7-T015-1-1 | C3882: =O3882&"-"&D3882 -> APT7-TKM07 | D3882: TKM07 | E3882: =VLOOKUP(H3882,通道基本信息!B:K,6,0) -> T | F3882: =VLOOKUP(H3882,通道基本信息!B:K,5,0) -> APT | G3882: =VLOOKUP(H3882,通道基本信息!B:K,8,0) -> H | H3882: APT7-T015-1 | I3882: 1 | J3882: 4 | K3882: 11545.64 | L3882: 11549.64 | M3882: APT7 | N3882: APT7 | O3882: =VLOOKUP(H3882,通道基本信息!B:L,3,FALSE) -> APT7
A3883: 3880 | B3883: =H3883&"-"&I3883 -> IS35E-R016-1-1 | C3883: =O3883&"-"&D3883 -> IS35E-RC07L1GCR2 | D3883: RC07L1GCR2 | E3883: =VLOOKUP(H3883,通道基本信息!B:K,6,0) -> R | F3883: =VLOOKUP(H3883,通道基本信息!B:K,5,0) -> OUT | G3883: =VLOOKUP(H3883,通道基本信息!B:K,8,0) -> V | H3883: IS35E-R016-1 | I3883: 1 | J3883: 1.5 | K3883: 6321.5 | L3883: 6323 | M3883: IS35E | N3883: IS35E | O3883: =VLOOKUP(H3883,通道基本信息!B:L,3,FALSE) -> IS35E
A3884: 3881 | B3884: =H3884&"-"&I3884 -> IS35E-T016-1-1 | C3884: =O3884&"-"&D3884 -> IS35E-TC07L1GCR2 | D3884: TC07L1GCR2 | E3884: =VLOOKUP(H3884,通道基本信息!B:K,6,0) -> T | F3884: =VLOOKUP(H3884,通道基本信息!B:K,5,0) -> OUT | G3884: =VLOOKUP(H3884,通道基本信息!B:K,8,0) -> V | H3884: IS35E-T016-1 | I3884: 1 | J3884: 1.5 | K3884: 4161.083 | L3884: 4162.583 | M3884: IS35E | N3884: IS35E | O3884: =VLOOKUP(H3884,通道基本信息!B:L,3,FALSE) -> IS35E
A3885: 3882 | B3885: =H3885&"-"&I3885 -> IS35E-R017-1-1 | C3885: =O3885&"-"&D3885 -> IS35E-RC07L1GCR2-1 | D3885: RC07L1GCR2-1 | E3885: =VLOOKUP(H3885,通道基本信息!B:K,6,0) -> R | F3885: =VLOOKUP(H3885,通道基本信息!B:K,5,0) -> OUT | G3885: =VLOOKUP(H3885,通道基本信息!B:K,8,0) -> V | H3885: IS35E-R017-1 | I3885: 1 | J3885: 1.2 | K3885: 6084.3 | L3885: 6085.5 | M3885: IS35E | N3885: IS35E | O3885: =VLOOKUP(H3885,通道基本信息!B:L,3,FALSE) -> IS35E
A3886: 3883 | B3886: =H3886&"-"&I3886 -> IS35E-T017-1-1 | C3886: =O3886&"-"&D3886 -> IS35E-TC07L1GCR2-1 | D3886: TC07L1GCR2-1 | E3886: =VLOOKUP(H3886,通道基本信息!B:K,6,0) -> T | F3886: =VLOOKUP(H3886,通道基本信息!B:K,5,0) -> OUT | G3886: =VLOOKUP(H3886,通道基本信息!B:K,8,0) -> V | H3886: IS35E-T017-1 | I3886: 1 | J3886: 1.2 | K3886: 3859.3 | L3886: 3860.5 | M3886: IS35E | N3886: IS35E | O3886: =VLOOKUP(H3886,通道基本信息!B:L,3,FALSE) -> IS35E
A3887: 3884 | B3887: =H3887&"-"&I3887 -> IS35E-R018-1-1 | C3887: =O3887&"-"&D3887 -> IS35E-RGCL1C07R1 | D3887: RGCL1C07R1 | E3887: =VLOOKUP(H3887,通道基本信息!B:K,6,0) -> R | F3887: =VLOOKUP(H3887,通道基本信息!B:K,5,0) -> OUT | G3887: =VLOOKUP(H3887,通道基本信息!B:K,8,0) -> V | H3887: IS35E-R018-1 | I3887: 1 | J3887: 2.3 | K3887: 6404.604 | L3887: 6406.904 | M3887: IS35E | N3887: IS35E | O3887: =VLOOKUP(H3887,通道基本信息!B:L,3,FALSE) -> IS35E
A3888: 3885 | B3888: =H3888&"-"&I3888 -> IS35E-T018-1-1 | C3888: =O3888&"-"&D3888 -> IS35E-TGCL1C07R1 | D3888: TGCL1C07R1 | E3888: =VLOOKUP(H3888,通道基本信息!B:K,6,0) -> T | F3888: =VLOOKUP(H3888,通道基本信息!B:K,5,0) -> OUT | G3888: =VLOOKUP(H3888,通道基本信息!B:K,8,0) -> V | H3888: IS35E-T018-1 | I3888: 1 | J3888: 2.3 | K3888: 4094.187 | L3888: 4096.487 | M3888: IS35E | N3888: IS35E | O3888: =VLOOKUP(H3888,通道基本信息!B:L,3,FALSE) -> IS35E
A3889: 3886 | B3889: =H3889&"-"&I3889 -> IS35E-R019-1-1 | C3889: =O3889&"-"&D3889 -> IS35E-RGCL1C07R1 | D3889: RGCL1C07R1 | E3889: =VLOOKUP(H3889,通道基本信息!B:K,6,0) -> R | F3889: =VLOOKUP(H3889,通道基本信息!B:K,5,0) -> OUT | G3889: =VLOOKUP(H3889,通道基本信息!B:K,8,0) -> V | H3889: IS35E-R019-1 | I3889: 1 | J3889: 4.3 | K3889: 6406.904 | L3889: 6411.204 | M3889: IS35E | N3889: IS35E | O3889: =VLOOKUP(H3889,通道基本信息!B:L,3,FALSE) -> IS35E
A3890: 3887 | B3890: =H3890&"-"&I3890 -> IS35E-T019-1-1 | C3890: =O3890&"-"&D3890 -> IS35E-TGCL1C07R1 | D3890: TGCL1C07R1 | E3890: =VLOOKUP(H3890,通道基本信息!B:K,6,0) -> T | F3890: =VLOOKUP(H3890,通道基本信息!B:K,5,0) -> OUT | G3890: =VLOOKUP(H3890,通道基本信息!B:K,8,0) -> V | H3890: IS35E-T019-1 | I3890: 1 | J3890: 4.3 | K3890: 4096.4874 | L3890: 4100.7874 | M3890: IS35E | N3890: IS35E | O3890: =VLOOKUP(H3890,通道基本信息!B:L,3,FALSE) -> IS35E
A3891: 3888 | B3891: =H3891&"-"&I3891 -> IS35E-R020-1-1 | C3891: =O3891&"-"&D3891 -> IS35E-RC14L1GCR2 | D3891: RC14L1GCR2 | E3891: =VLOOKUP(H3891,通道基本信息!B:K,6,0) -> R | F3891: =VLOOKUP(H3891,通道基本信息!B:K,5,0) -> OUT | G3891: =VLOOKUP(H3891,通道基本信息!B:K,8,0) -> V | H3891: IS35E-R020-1 | I3891: 1 | J3891: 2.8 | K3891: 6081.9046 | L3891: 6084.7046 | M3891: IS35E | N3891: IS35E | O3891: =VLOOKUP(H3891,通道基本信息!B:L,3,FALSE) -> IS35E
A3892: 3889 | B3892: =H3892&"-"&I3892 -> IS35E-T020-1-1 | C3892: =O3892&"-"&D3892 -> IS35E-TC14L1GCR2 | D3892: TC14L1GCR2 | E3892: =VLOOKUP(H3892,通道基本信息!B:K,6,0) -> T | F3892: =VLOOKUP(H3892,通道基本信息!B:K,5,0) -> OUT | G3892: =VLOOKUP(H3892,通道基本信息!B:K,8,0) -> V | H3892: IS35E-T020-1 | I3892: 1 | J3892: 2.8 | K3892: 3918.8838 | L3892: 3921.6838 | M3892: IS35E | N3892: IS35E | O3892: =VLOOKUP(H3892,通道基本信息!B:L,3,FALSE) -> IS35E
A3893: 3890 | B3893: =H3893&"-"&I3893 -> IS35E-R021-1-1 | C3893: =O3893&"-"&D3893 -> IS35E-RGCL1C14R1 | D3893: RGCL1C14R1 | E3893: =VLOOKUP(H3893,通道基本信息!B:K,6,0) -> R | F3893: =VLOOKUP(H3893,通道基本信息!B:K,5,0) -> OUT | G3893: =VLOOKUP(H3893,通道基本信息!B:K,8,0) -> V | H3893: IS35E-R021-1 | I3893: 1 | J3893: 1.1 | K3893: 6381.259 | L3893: 6382.359 | M3893: IS35E | N3893: IS35E | O3893: =VLOOKUP(H3893,通道基本信息!B:L,3,FALSE) -> IS35E
... A3911: 3908 | B3911: =H3911&"-"&I3911 -> Eul36D-R030-1-1 | C3911: =O3911&"-"&D3911 -> Eul36D-RBEE4 | D3911: RBEE4 | E3911: =VLOOKUP(H3911,通道基本信息!B:K,6,0) -> R | F3911: =VLOOKUP(H3911,通道基本信息!B:K,5,0) -> OUT | G3911: =VLOOKUP(H3911,通道基本信息!B:K,8,0) -> H | H3911: Eul36D-R030-1 | I3911: 1 | J3911: 3.8 | K3911: 14409.762 | L3911: 14411.762 | M3911: Eul36D | N3911: Eul36D | O3911: =VLOOKUP(H3911,通道基本信息!B:L,3,FALSE) -> Eul36D
A3912: 3909 | B3912: =H3912&"-"&I3912 -> Eul36D-T030-1-1 | C3912: =O3912&"-"&D3912 -> Eul36D-TBEE4 | D3912: TBEE4 | E3912: =VLOOKUP(H3912,通道基本信息!B:K,6,0) -> T | F3912: =VLOOKUP(H3912,通道基本信息!B:K,5,0) -> OUT | G3912: =VLOOKUP(H3912,通道基本信息!B:K,8,0) -> H | H3912: Eul36D-T030-1 | I3912: 1 | J3912: 3.8 | K3912: =K3911-3300 -> 11109.762 | L3912: =L3911-3300 -> 11111.762 | M3912: Eul36D | N3912: Eul36D | O3912: =VLOOKUP(H3912,通道基本信息!B:L,3,FALSE) -> Eul36D
A3913: 3910 | B3913: =H3913&"-"&I3913 -> Eul36D-R031-1-1 | C3913: =O3913&"-"&D3913 -> Eul36D-RB4 | D3913: RB4 | E3913: =VLOOKUP(H3913,通道基本信息!B:K,6,0) -> R | F3913: =VLOOKUP(H3913,通道基本信息!B:K,5,0) -> OUT | G3913: =VLOOKUP(H3913,通道基本信息!B:K,8,0) -> H | H3913: Eul36D-R031-1 | I3913: 1 | J3913: 3.8 | K3913: 14376.97 | L3913: 14380.77 | M3913: Eul36B | N3913: Eul36D | O3913: =VLOOKUP(H3913,通道基本信息!B:L,3,FALSE) -> Eul36D
A3914: 3911 | B3914: =H3914&"-"&I3914 -> Eul36D-T031-1-1 | C3914: =O3914&"-"&D3914 -> Eul36D-TB4 | D3914: TB4 | E3914: =VLOOKUP(H3914,通道基本信息!B:K,6,0) -> T | F3914: =VLOOKUP(H3914,通道基本信息!B:K,5,0) -> OUT | G3914: =VLOOKUP(H3914,通道基本信息!B:K,8,0) -> H | H3914: Eul36D-T031-1 | I3914: 1 | J3914: 3.8 | K3914: =K3913-3300 -> 11076.97 | L3914: =L3913-3300 -> 11080.77 | M3914: Eul36B | N3914: Eul36D | O3914: =VLOOKUP(H3914,通道基本信息!B:L,3,FALSE) -> Eul36D
A3915: 3912 | B3915: =H3915&"-"&I3915 -> Eul36D-R032-1-1 | C3915: =O3915&"-"&D3915 -> Eul36D-RB4 | D3915: RB4 | E3915: =VLOOKUP(H3915,通道基本信息!B:K,6,0) -> R | F3915: =VLOOKUP(H3915,通道基本信息!B:K,5,0) -> OUT | G3915: =VLOOKUP(H3915,通道基本信息!B:K,8,0) -> H | H3915: Eul36D-R032-1 | I3915: 1 | J3915: 2 | K3915: 14376.97 | L3915: 14380.77 | M3915: Eul36B | N3915: Eul36D | O3915: =VLOOKUP(H3915,通道基本信息!B:L,3,FALSE) -> Eul36D
A3916: 3913 | B3916: =H3916&"-"&I3916 -> Eul36D-T032-1-1 | C3916: =O3916&"-"&D3916 -> Eul36D-TB4 | D3916: TB4 | E3916: =VLOOKUP(H3916,通道基本信息!B:K,6,0) -> T | F3916: =VLOOKUP(H3916,通道基本信息!B:K,5,0) -> OUT | G3916: =VLOOKUP(H3916,通道基本信息!B:K,8,0) -> H | H3916: Eul36D-T032-1 | I3916: 1 | J3916: 2 | K3916: =K3915-3300 -> 11076.97 | L3916: =L3915-3300 -> 11080.77 | M3916: Eul36B | N3916: Eul36D | O3916: =VLOOKUP(H3916,通道基本信息!B:L,3,FALSE) -> Eul36D
A3917: 3914 | B3917: =H3917&"-"&I3917 -> APT5C-R033-1-1 | C3917: =O3917&"-"&D3917 -> APT5C-RK08A | D3917: RK08A | E3917: =VLOOKUP(H3917,通道基本信息!B:K,6,0) -> R | F3917: =VLOOKUP(H3917,通道基本信息!B:K,5,0) -> APT | G3917: =VLOOKUP(H3917,通道基本信息!B:K,8,0) -> H | H3917: APT5C-R033-1 | I3917: 1 | J3917: 1.2 | K3917: 14445.8 | L3917: 14445.9 | M3917: APT5C | N3917: APT5C | O3917: =VLOOKUP(H3917,通道基本信息!B:L,3,FALSE) -> APT5C
A3918: 3915 | B3918: =H3918&"-"&I3918 -> APT5C-T033-1-1 | C3918: =O3918&"-"&D3918 -> APT5C-TK08A | D3918: TK08A | E3918: =VLOOKUP(H3918,通道基本信息!B:K,6,0) -> T | F3918: =VLOOKUP(H3918,通道基本信息!B:K,5,0) -> APT | G3918: =VLOOKUP(H3918,通道基本信息!B:K,8,0) -> H | H3918: APT5C-T033-1 | I3918: 1 | J3918: 1.2 | K3918: 12696.8 | L3918: 12696.9 | M3918: APT5C | N3918: APT5C | O3918: =VLOOKUP(H3918,通道基本信息!B:L,3,FALSE) -> APT5C
A3919: 3916 | B3919: =H3919&"-"&I3919 -> APT7-R034-1-1 | C3919: =O3919&"-"&D3919 -> APT7-RC14B | D3919: RC14B | E3919: =VLOOKUP(H3919,通道基本信息!B:K,6,0) -> R | F3919: =VLOOKUP(H3919,通道基本信息!B:K,5,0) -> APT | G3919: =VLOOKUP(H3919,通道基本信息!B:K,8,0) -> H | H3919: APT7-R034-1 | I3919: 1 | J3919: 10.2 | K3919: 6387 | L3919: 6397.2 | M3919: APT7 | N3919: APT7 | O3919: =VLOOKUP(H3919,通道基本信息!B:L,3,FALSE) -> APT7
A3920: 3917 | B3920: =H3920&"-"&I3920 -> APT7-T034-1-1 | C3920: =O3920&"-"&D3920 -> APT7-TC14B | D3920: TC14B | E3920: =VLOOKUP(H3920,通道基本信息!B:K,6,0) -> T | F3920: =VLOOKUP(H3920,通道基本信息!B:K,5,0) -> APT | G3920: =VLOOKUP(H3920,通道基本信息!B:K,8,0) -> H | H3920: APT7-T034-1 | I3920: 1 | J3920: 10.2 | K3920: 4162 | L3920: 4172.2 | M3920: APT7 | N3920: APT7 | O3920: =VLOOKUP(H3920,通道基本信息!B:L,3,FALSE) -> APT7
A3921: 3918 | B3921: =H3921&"-"&I3921 -> APT9-R035-1-1 | C3921: =O3921&"-"&D3921 -> APT9-RC04A | D3921: RC04A | E3921: =VLOOKUP(H3921,通道基本信息!B:K,6,0) -> R | F3921: =VLOOKUP(H3921,通道基本信息!B:K,5,0) -> APT | G3921: =VLOOKUP(H3921,通道基本信息!B:K,8,0) -> H | H3921: APT9-R035-1 | I3921: 1 | J3921: 2.8 | K3921: 6031.5 | L3921: 6034.3 | M3921: APT9 | N3921: APT9 | O3921: =VLOOKUP(H3921,通道基本信息!B:L,3,FALSE) -> APT9
A3922: 3919 | B3922: =H3922&"-"&I3922 -> APT9-T035-1-1 | C3922: =O3922&"-"&D3922 -> APT9-TC04A | D3922: TC04A | E3922: =VLOOKUP(H3922,通道基本信息!B:K,6,0) -> T | F3922: =VLOOKUP(H3922,通道基本信息!B:K,5,0) -> APT | G3922: =VLOOKUP(H3922,通道基本信息!B:K,8,0) -> H | H3922: APT9-T035-1 | I3922: 1 | J3922: 2.8 | K3922: 3789.5 | L3922: 3792.3 | M3922: APT9 | N3922: APT9 | O3922: =VLOOKUP(H3922,通道基本信息!B:L,3,FALSE) -> APT9
A3923: 3920 | B3923: =H3923&"-"&I3923 -> APT9-R036-1-1 | C3923: =O3923&"-"&D3923 -> APT9-RC04A | D3923: RC04A | E3923: =VLOOKUP(H3923,通道基本信息!B:K,6,0) -> R | F3923: =VLOOKUP(H3923,通道基本信息!B:K,5,0) -> APT | G3923: =VLOOKUP(H3923,通道基本信息!B:K,8,0) -> H | H3923: APT9-R036-1 | I3923: 1 | J3923: 7 | K3923: 6048.5 | L3923: 6055.5 | M3923: APT9 | N3923: APT9 | O3923: =VLOOKUP(H3923,通道基本信息!B:L,3,FALSE) -> APT9
A3924: 3921 | B3924: =H3924&"-"&I3924 -> APT9-T036-1-1 | C3924: =O3924&"-"&D3924 -> APT9-TC04A | D3924: TC04A | E3924: =VLOOKUP(H3924,通道基本信息!B:K,6,0) -> T | F3924: =VLOOKUP(H3924,通道基本信息!B:K,5,0) -> APT | G3924: =VLOOKUP(H3924,通道基本信息!B:K,8,0) -> H | H3924: APT9-T036-1 | I3924: 1 | J3924: 7 | K3924: 3806.5 | L3924: 3813.5 | M3924: APT9 | N3924: APT9 | O3924: =VLOOKUP(H3924,通道基本信息!B:L,3,FALSE) -> APT9
A3925: 3922 | B3925: =H3925&"-"&I3925 -> APT5C-R037-1-1 | C3925: =O3925&"-"&D3925 -> APT5C-RC07A | D3925: RC07A | E3925: =VLOOKUP(H3925,通道基本信息!B:K,6,0) -> R | F3925: =VLOOKUP(H3925,通道基本信息!B:K,5,0) -> APT | G3925: =VLOOKUP(H3925,通道基本信息!B:K,8,0) -> V | H3925: APT5C-R037-1 | I3925: 1 | J3925: 1.3 | K3925: 6118.81 | L3925: 6120.11 | M3925: RC07A | N3925: APT5C | O3925: =VLOOKUP(H3925,通道基本信息!B:L,3,FALSE) -> APT5C
A3926: 3923 | B3926: =H3926&"-"&I3926 -> APT5C-T037-1-1 | C3926: =O3926&"-"&D3926 -> APT5C-TC07A | D3926: TC07A | E3926: =VLOOKUP(H3926,通道基本信息!B:K,6,0) -> T | F3926: =VLOOKUP(H3926,通道基本信息!B:K,5,0) -> APT | G3926: =VLOOKUP(H3926,通道基本信息!B:K,8,0) -> H | H3926: APT5C-T037-1 | I3926: 1 | J3926: 1.3 | K3926: 3893.81 | L3926: 3895.11 | M3926: TC07A | N3926: APT5C | O3926: =VLOOKUP(H3926,通道基本信息!B:L,3,FALSE) -> APT5C
A3927: 3924 | B3927: =H3927&"-"&I3927 -> APT5C-R038-1-1 | C3927: =O3927&"-"&D3927 -> APT5C-RC09A | D3927: RC09A | E3927: =VLOOKUP(H3927,通道基本信息!B:K,6,0) -> R | F3927: =VLOOKUP(H3927,通道基本信息!B:K,5,0) -> APT | G3927: =VLOOKUP(H3927,通道基本信息!B:K,8,0) -> V | H3927: APT5C-R038-1 | I3927: 1 | J3927: 36 | K3927: 6167 | L3927: 6203 | M3927: RC09A | N3927: APT5C | O3927: =VLOOKUP(H3927,通道基本信息!B:L,3,FALSE) -> APT5C
A3928: 3925 | B3928: =H3928&"-"&I3928 -> APT5C-T038-1-1 | C3928: =O3928&"-"&D3928 -> APT5C-TC09A | D3928: TC09A | E3928: =VLOOKUP(H3928,通道基本信息!B:K,6,0) -> T | F3928: =VLOOKUP(H3928,通道基本信息!B:K,5,0) -> APT | G3928: =VLOOKUP(H3928,通道基本信息!B:K,8,0) -> H | H3928: APT5C-T038-1 | I3928: 1 | J3928: 36 | K3928: 3942 | L3928: 3978 | M3928: TC09A | N3928: APT5C | O3928: =VLOOKUP(H3928,通道基本信息!B:L,3,FALSE) -> APT5C
... A4052: 4049 | B4052: =H4052&"-"&I4052 -> APT7-T100-1-1 | C4052: =O4052&"-"&D4052 -> APT7-TKC08 | D4052: TKC08 | E4052: =VLOOKUP(H4052,通道基本信息!B:K,6,0) -> T | F4052: =VLOOKUP(H4052,通道基本信息!B:K,5,0) -> C | G4052: =VLOOKUP(H4052,通道基本信息!B:K,8,0) -> H | H4052: APT7-T100-1 | I4052: 1 | J4052: 1 | K4052: 12405 | L4052: 12406 | M4052: TKC08 | N4052: APT7 | O4052: =VLOOKUP(H4052,通道基本信息!B:L,3,FALSE) -> APT7
A4053: 4050 | B4053: =H4053&"-"&I4053 -> APT7-R101-1-1 | C4053: =O4053&"-"&D4053 -> APT7-RKC09 | D4053: RKC09 | E4053: =VLOOKUP(H4053,通道基本信息!B:K,6,0) -> R | F4053: =VLOOKUP(H4053,通道基本信息!B:K,5,0) -> C | G4053: =VLOOKUP(H4053,通道基本信息!B:K,8,0) -> V | H4053: APT7-R101-1 | I4053: 1 | J4053: 4 | K4053: =K4054+1750 -> 14196.5 | L4053: =L4054+1750 -> 14200.5 | M4053: RKC09 | N4053: APT7 | O4053: =VLOOKUP(H4053,通道基本信息!B:L,3,FALSE) -> APT7
A4054: 4051 | B4054: =H4054&"-"&I4054 -> APT7-T101-1-1 | C4054: =O4054&"-"&D4054 -> APT7-TKC09 | D4054: TKC09 | E4054: =VLOOKUP(H4054,通道基本信息!B:K,6,0) -> T | F4054: =VLOOKUP(H4054,通道基本信息!B:K,5,0) -> C | G4054: =VLOOKUP(H4054,通道基本信息!B:K,8,0) -> H | H4054: APT7-T101-1 | I4054: 1 | J4054: 4 | K4054: 12446.5 | L4054: 12450.5 | M4054: TKC09 | N4054: APT7 | O4054: =VLOOKUP(H4054,通道基本信息!B:L,3,FALSE) -> APT7
A4055: 4052 | B4055: =H4055&"-"&I4055 -> APT7-R102-1-1 | C4055: =O4055&"-"&D4055 -> APT7-RKC09-1 | D4055: RKC09-1 | E4055: =VLOOKUP(H4055,通道基本信息!B:K,6,0) -> R | F4055: =VLOOKUP(H4055,通道基本信息!B:K,5,0) -> C | G4055: =VLOOKUP(H4055,通道基本信息!B:K,8,0) -> V | H4055: APT7-R102-1 | I4055: 1 | J4055: 4 | K4055: =K4056+1750 -> 14200.5 | L4055: =L4056+1750 -> 14204.5 | M4055: RKC09 | N4055: APT7 | O4055: =VLOOKUP(H4055,通道基本信息!B:L,3,FALSE) -> APT7
A4056: 4053 | B4056: =H4056&"-"&I4056 -> APT7-T102-1-1 | C4056: =O4056&"-"&D4056 -> APT7-TKC09-1 | D4056: TKC09-1 | E4056: =VLOOKUP(H4056,通道基本信息!B:K,6,0) -> T | F4056: =VLOOKUP(H4056,通道基本信息!B:K,5,0) -> C | G4056: =VLOOKUP(H4056,通道基本信息!B:K,8,0) -> H | H4056: APT7-T102-1 | I4056: 1 | J4056: 4 | K4056: 12450.5 | L4056: 12454.5 | M4056: TKC09 | N4056: APT7 | O4056: =VLOOKUP(H4056,通道基本信息!B:L,3,FALSE) -> APT7
A4057: 4054 | B4057: =H4057&"-"&I4057 -> APT7-R103-1-1 | C4057: =O4057&"-"&D4057 -> APT7-RKC09-2 | D4057: RKC09-2 | E4057: =VLOOKUP(H4057,通道基本信息!B:K,6,0) -> R | F4057: =VLOOKUP(H4057,通道基本信息!B:K,5,0) -> C | G4057: =VLOOKUP(H4057,通道基本信息!B:K,8,0) -> V | H4057: APT7-R103-1 | I4057: 1 | J4057: 4 | K4057: =K4058+1750 -> 14204.5 | L4057: =L4058+1750 -> 14208.5 | M4057: RKC09 | N4057: APT7 | O4057: =VLOOKUP(H4057,通道基本信息!B:L,3,FALSE) -> APT7
A4058: 4055 | B4058: =H4058&"-"&I4058 -> APT7-T103-1-1 | C4058: =O4058&"-"&D4058 -> APT7-TKC09-2 | D4058: TKC09-2 | E4058: =VLOOKUP(H4058,通道基本信息!B:K,6,0) -> T | F4058: =VLOOKUP(H4058,通道基本信息!B:K,5,0) -> C | G4058: =VLOOKUP(H4058,通道基本信息!B:K,8,0) -> H | H4058: APT7-T103-1 | I4058: 1 | J4058: 4 | K4058: 12454.5 | L4058: 12458.5 | M4058: TKC09 | N4058: APT7 | O4058: =VLOOKUP(H4058,通道基本信息!B:L,3,FALSE) -> APT7
A4059: 4056 | B4059: =H4059&"-"&I4059 -> APT7-R104-1-1 | C4059: =O4059&"-"&D4059 -> APT7-RKC09-3 | D4059: RKC09-3 | E4059: =VLOOKUP(H4059,通道基本信息!B:K,6,0) -> R | F4059: =VLOOKUP(H4059,通道基本信息!B:K,5,0) -> C | G4059: =VLOOKUP(H4059,通道基本信息!B:K,8,0) -> V | H4059: APT7-R104-1 | I4059: 1 | J4059: 8 | K4059: =K4060+1750 -> 14212.5 | L4059: =L4060+1750 -> 14220.5 | M4059: RKC09 | N4059: APT7 | O4059: =VLOOKUP(H4059,通道基本信息!B:L,3,FALSE) -> APT7
A4060: 4057 | B4060: =H4060&"-"&I4060 -> APT7-T104-1-1 | C4060: =O4060&"-"&D4060 -> APT7-TKC09-3 | D4060: TKC09-3 | E4060: =VLOOKUP(H4060,通道基本信息!B:K,6,0) -> T | F4060: =VLOOKUP(H4060,通道基本信息!B:K,5,0) -> C | G4060: =VLOOKUP(H4060,通道基本信息!B:K,8,0) -> H | H4060: APT7-T104-1 | I4060: 1 | J4060: 8 | K4060: 12462.5 | L4060: 12470.5 | M4060: TKC09 | N4060: APT7 | O4060: =VLOOKUP(H4060,通道基本信息!B:L,3,FALSE) -> APT7
A4061: 4058 | B4061: =H4061&"-"&I4061 -> APT7-R105-1-1 | C4061: =O4061&"-"&D4061 -> APT7-RKC09-4 | D4061: RKC09-4 | E4061: =VLOOKUP(H4061,通道基本信息!B:K,6,0) -> R | F4061: =VLOOKUP(H4061,通道基本信息!B:K,5,0) -> C | G4061: =VLOOKUP(H4061,通道基本信息!B:K,8,0) -> V | H4061: APT7-R105-1 | I4061: 1 | J4061: 3 | K4061: =K4062+1750 -> 14220.5 | L4061: =L4062+1750 -> 14223.5 | M4061: RKC09 | N4061: APT7 | O4061: =VLOOKUP(H4061,通道基本信息!B:L,3,FALSE) -> APT7
A4062: 4059 | B4062: =H4062&"-"&I4062 -> APT7-T105-1-1 | C4062: =O4062&"-"&D4062 -> APT7-TKC09-4 | D4062: TKC09-4 | E4062: =VLOOKUP(H4062,通道基本信息!B:K,6,0) -> T | F4062: =VLOOKUP(H4062,通道基本信息!B:K,5,0) -> C | G4062: =VLOOKUP(H4062,通道基本信息!B:K,8,0) -> H | H4062: APT7-T105-1 | I4062: 1 | J4062: 3 | K4062: 12470.5 | L4062: 12473.5 | M4062: TKC09 | N4062: APT7 | O4062: =VLOOKUP(H4062,通道基本信息!B:L,3,FALSE) -> APT7
A4063: 4060 | B4063: =H4063&"-"&I4063 -> APT7-R106-1-1 | C4063: =O4063&"-"&D4063 -> APT7-RKC09-5 | D4063: RKC09-5 | E4063: =VLOOKUP(H4063,通道基本信息!B:K,6,0) -> R | F4063: =VLOOKUP(H4063,通道基本信息!B:K,5,0) -> C | G4063: =VLOOKUP(H4063,通道基本信息!B:K,8,0) -> V | H4063: APT7-R106-1 | I4063: 1 | J4063: 5 | K4063: =K4064+1750 -> 14229.5 | L4063: =L4064+1750 -> 14234.5 | M4063: RKC09 | N4063: APT7 | O4063: =VLOOKUP(H4063,通道基本信息!B:L,3,FALSE) -> APT7
...

Sheet 矩阵信息表
A1: ID | B1: 矩阵代码 | C1: 卫星 | D1: 区号 | E1: 组号 | F1: 输入端口数 | G1: 输出端口数 | H1: 生效状态 | I1: 备注
A2: 1 | B2: =C2&"-"&D2&"-"&E2 -> CS10R-1-1 | C2: CS10R | D2: 1 | E2: 1 | F2: 13 | G2: 13 | H2: 1 | I2: C1A-C14A
A3: 2 | B3: =C3&"-"&D3&"-"&E3 -> CS10R-1-2 | C3: CS10R | D3: 1 | E3: 2 | F3: 4 | G3: 4 | H3: 1 | I3: C5B-C8B
A4: 3 | B4: =C4&"-"&D4&"-"&E4 -> CS10R-1-3 | C4: CS10R | D4: 1 | E4: 3 | F4: 2 | G4: 2 | H4: 1 | I4: W1B-W2B
A5: 4 | B5: =C5&"-"&D5&"-"&E5 -> CS10R-1-4 | C5: CS10R | D5: 1 | E5: 4 | F5: 8 | G5: 8 | H5: 1 | I5: C1B/S1B-C4B/S4B
A6: 5 | B6: =C6&"-"&D6&"-"&E6 -> CS10R-1-5 | C6: CS10R | D6: 1 | E6: 5 | F6: 8 | G6: 8 | H6: 1 | I6: C11B/W11B-C14B/W14B
A7: 6 | B7: =C7&"-"&D7&"-"&E7 -> CS10R-1-6 | C7: CS10R | D7: 1 | E7: 6 | F7: 8 | G7: 8 | H7: 1 | I7: I5A-I8A/I11B-I14B
A8: 7 | B8: =C8&"-"&D8&"-"&E8 -> CS10R-1-7 | C8: CS10R | D8: 1 | E8: 7 | F8: 8 | G8: 8 | H8: 1 | I8: I11A-I14A/E11B-E13B,W3B
A9: 8 | B9: =C9&"-"&D9&"-"&E9 -> CS6D-1-1 | C9: CS6D | D9: 1 | E9: 1 | F9: 63 | G9: 25 | H9: 1 | I9: C频段大波束
A10: 9 | B10: =C10&"-"&D10&"-"&E10 -> CS6D-1-2 | C10: CS6D | D10: 1 | E10: 2 | F10: 31 | G10: 31 | H10: 1 | I10: Ku大波束
A11: 10 | B11: =C11&"-"&D11&"-"&E11 -> CS6E-1-1 | C11: CS6E | D11: 1 | E11: 1 | F11: 13 | G11: 13 | H11: 1 | I11: 海上波束前向
A12: 11 | B12: =C12&"-"&D12&"-"&E12 -> CS6E-1-2 | C12: CS6E | D12: 1 | E12: 2 | F12: 13 | G12: 13 | H12: 1 | I12: 海上波束返向
A13: 12 | B13: =C13&"-"&D13&"-"&E13 -> CS6E-1-3 | C13: CS6E | D13: 1 | E13: 3 | F13: 11 | G13: 11 | H13: 1 | I13: 陆地波束返向
... A190: 189 | B190: =C190&"-"&D190&"-"&E190 -> E10B-1-117 | C190: E10B | D190: 1 | E190: 117 | F190: 1 | G190: 1 | H190: 1 | I190: 19_19_ChSat_0001

Sheet 端口信息表
A1: ID | B1: 端口代码 | C1: 所属矩阵 | D1: 输入I/输出O | E1: 序号 | F1: 关联通道代码（短）
A2: 1 | B2: =C2&"-"&D2&E2 -> CS10R-1-1-I1 | C2: CS10R-1-1 | D2: I | E2: 1 | F2: RC1A
A3: 2 | B3: =C3&"-"&D3&E3 -> CS10R-1-1-I2 | C3: CS10R-1-1 | D3: I | E3: 2 | F3: RC2A
A4: 3 | B4: =C4&"-"&D4&E4 -> CS10R-1-1-I3 | C4: CS10R-1-1 | D4: I | E4: 3 | F4: RC3A
A5: 4 | B5: =C5&"-"&D5&E5 -> CS10R-1-1-I4 | C5: CS10R-1-1 | D5: I | E5: 4 | F5: RC4A
A6: 5 | B6: =C6&"-"&D6&E6 -> CS10R-1-1-I5 | C6: CS10R-1-1 | D6: I | E6: 5 | F6: RC5A
A7: 6 | B7: =C7&"-"&D7&E7 -> CS10R-1-1-I6 | C7: CS10R-1-1 | D7: I | E7: 6 | F7: RC6A
A8: 7 | B8: =C8&"-"&D8&E8 -> CS10R-1-1-I7 | C8: CS10R-1-1 | D8: I | E8: 7 | F8: RC7A
A9: 8 | B9: =C9&"-"&D9&E9 -> CS10R-1-1-I8 | C9: CS10R-1-1 | D9: I | E9: 8 | F9: RC8A
A10: 9 | B10: =C10&"-"&D10&E10 -> CS10R-1-1-I9 | C10: CS10R-1-1 | D10: I | E10: 9 | F10: RC9A
A11: 10 | B11: =C11&"-"&D11&E11 -> CS10R-1-1-I10 | C11: CS10R-1-1 | D11: I | E11: 10 | F11: RC11A
A12: 11 | B12: =C12&"-"&D12&E12 -> CS10R-1-1-I11 | C12: CS10R-1-1 | D12: I | E12: 11 | F12: RC12A
A13: 12 | B13: =C13&"-"&D13&E13 -> CS10R-1-1-I12 | C13: CS10R-1-1 | D13: I | E13: 12 | F13: RC13A
... A2704: 2697 | B2704: =C2704&"-"&D2704&E2704 -> CS19-1-4-O28 | C2704: CS19-1-4 | D2704: O | E2704: 28 | F2704: TH28R
A2705: 2698 | B2705: =C2705&"-"&D2705&E2705 -> CS26-1-1-I1 | C2705: CS26-1-1 | D2705: I | E2705: 1 | F2705: RD2L | G2705: =VLOOKUP(F2705,通道清单!D:D,1,0) -> RD2L
A2706: 2699 | B2706: =C2706&"-"&D2706&E2706 -> CS26-1-1-I2 | C2706: CS26-1-1 | D2706: I | E2706: 2 | F2706: RD5L | G2706: =VLOOKUP(F2706,通道清单!D:D,1,0) -> RD5L
A2707: 2700 | B2707: =C2707&"-"&D2707&E2707 -> CS26-1-1-I3 | C2707: CS26-1-1 | D2707: I | E2707: 3 | F2707: RD18L | G2707: =VLOOKUP(F2707,通道清单!D:D,1,0) -> RD18L
A2708: 2701 | B2708: =C2708&"-"&D2708&E2708 -> CS26-1-1-I4 | C2708: CS26-1-1 | D2708: I | E2708: 4 | F2708: RD33L | G2708: =VLOOKUP(F2708,通道清单!D:D,1,0) -> RD33L
A2709: 2702 | B2709: =C2709&"-"&D2709&E2709 -> CS26-1-1-I5 | C2709: CS26-1-1 | D2709: I | E2709: 5 | F2709: RD11R | G2709: =VLOOKUP(F2709,通道清单!D:D,1,0) -> RD11R
A2710: 2703 | B2710: =C2710&"-"&D2710&E2710 -> CS26-1-1-I6 | C2710: CS26-1-1 | D2710: I | E2710: 6 | F2710: RD24R | G2710: =VLOOKUP(F2710,通道清单!D:D,1,0) -> RD24R
A2711: 2704 | B2711: =C2711&"-"&D2711&E2711 -> CS26-1-1-I7 | C2711: CS26-1-1 | D2711: I | E2711: 7 | F2711: RD27R | G2711: =VLOOKUP(F2711,通道清单!D:D,1,0) -> RD27R
A2712: 2705 | B2712: =C2712&"-"&D2712&E2712 -> CS26-1-1-I8 | C2712: CS26-1-1 | D2712: I | E2712: 8 | F2712: RD39R | G2712: =VLOOKUP(F2712,通道清单!D:D,1,0) -> RD39R
A2713: 2706 | B2713: =C2713&"-"&D2713&E2713 -> CS26-1-1-O1 | C2713: CS26-1-1 | D2713: O | E2713: 1 | F2713: TY2R | G2713: =VLOOKUP(F2713,通道清单!D:D,1,0) -> TY2R
A2714: 2707 | B2714: =C2714&"-"&D2714&E2714 -> CS26-1-1-O2 | C2714: CS26-1-1 | D2714: O | E2714: 2 | F2714: TY5R | G2714: =VLOOKUP(F2714,通道清单!D:D,1,0) -> TY5R
A2715: 2708 | B2715: =C2715&"-"&D2715&E2715 -> CS26-1-1-O3 | C2715: CS26-1-1 | D2715: O | E2715: 3 | F2715: TY18R | G2715: =VLOOKUP(F2715,通道清单!D:D,1,0) -> TY18R
A2716: 2709 | B2716: =C2716&"-"&D2716&E2716 -> CS26-1-1-O4 | C2716: CS26-1-1 | D2716: O | E2716: 4 | F2716: TY33R | G2716: =VLOOKUP(F2716,通道清单!D:D,1,0) -> TY33R
... A3456: 3449 | B3456: =C3456&"-"&D3456&E3456 -> CS26-1-28-O16 | C3456: CS26-1-28 | D3456: O | E3456: 16 | F3456: TB59R | G3456: =VLOOKUP(F3456,通道清单!D:D,1,0) -> TB59R
A3457: 3450 | B3457: =C3457&"-"&D3457&E3457 -> IS35E-1-1-I1 | C3457: IS35E-1-1 | D3457: I | E3457: 1 | F3457: RC02L1C01R2
A3458: 3451 | B3458: =C3458&"-"&D3458&E3458 -> IS35E-1-1-O1 | C3458: IS35E-1-1 | D3458: O | E3458: 1 | F3458: TC02L1C01R2
A3459: 3452 | B3459: =C3459&"-"&D3459&E3459 -> IS35E-1-2-I1 | C3459: IS35E-1-2 | D3459: I | E3459: 1 | F3459: RC01LGCR
A3460: 3453 | B3460: =C3460&"-"&D3460&E3460 -> IS35E-1-2-O1 | C3460: IS35E-1-2 | D3460: O | E3460: 1 | F3460: TC01LGCR
A3461: 3454 | B3461: =C3461&"-"&D3461&E3461 -> IS35E-1-3-I1 | C3461: IS35E-1-3 | D3461: I | E3461: 1 | F3461: RC09L1C01R1
A3462: 3455 | B3462: =C3462&"-"&D3462&E3462 -> IS35E-1-3-O1 | C3462: IS35E-1-3 | D3462: O | E3462: 1 | F3462: TC09L1C01R1
A3463: 3456 | B3463: =C3463&"-"&D3463&E3463 -> IS35E-1-4-I1 | C3463: IS35E-1-4 | D3463: I | E3463: 1 | F3463: RC11L2C01R1
A3464: 3457 | B3464: =C3464&"-"&D3464&E3464 -> IS35E-1-4-O1 | C3464: IS35E-1-4 | D3464: O | E3464: 1 | F3464: TC11L2C01R1
A3465: 3458 | B3465: =C3465&"-"&D3465&E3465 -> IS39-1-5-I1 | C3465: IS39-1-5 | D3465: I | E3465: 1 | F3465: REHCL31WHCR
A3466: 3459 | B3466: =C3466&"-"&D3466&E3466 -> IS39-1-5-O1 | C3466: IS39-1-5 | D3466: O | E3466: 1 | F3466: TEHCL31WHCR
A3467: 3460 | B3467: =C3467&"-"&D3467&E3467 -> IS39-1-6-I1 | C3467: IS39-1-6 | D3467: I | E3467: 1 | F3467: REHCL31WHCR
A3468: 3461 | B3468: =C3468&"-"&D3468&E3468 -> IS39-1-6-O1 | C3468: IS39-1-6 | D3468: O | E3468: 1 | F3468: TEHCL31WHCR
... A3690: 3683 | B3690: =C3690&"-"&D3690&E3690 -> E10B-1-117-O1 | C3690: E10B-1-117 | D3690: O | E3690: 1 | F3690: T19_19_ChSat_0001

Sheet 开关状态表
A1: ID | B1: 开关代码 | C1: 所属矩阵 | D1: 入端口序号 | E1: 出端口序号 | F1: 索引"入端口通道“ | G1: 索引"出端口通道" | H1: 开关状态 1-通，0-断 | I1: 常通/可切 | J1: 使用TWT | K1: P0 | L1: P1 | M1: P2 | N1: TWT有效状态 | O1: 查找辅助列
A2: =ROW()-1 -> 1 | B2: =C2&"-["&D2&"]["&E2&"]" -> CS10R-1-1-[1][1] | C2: CS10R-1-1 | D2: 1 | E2: 1 | F2: =VLOOKUP(C2&"-I"&D2,端口信息表!B:F,5,FALSE) -> RC1A | G2: =VLOOKUP(C2&"-O"&E2,端口信息表!B:F,5,FALSE) -> TC1A | H2: =IF(I2="常通",1,VLOOKUP(B2,'开关组信息表（新）'!C:I,7,0)) -> 1 | I2: 常通 | J2: =IF(N2=$M$1,M2,IF(N2=$L$1,L2,K2)) -> TWT-A1 | K2: TWT-A1 | L2: TWT-A4 | M2: TWT-A2 | N2: P0 | O2: =F2&"-"&G2 -> RC1A-TC1A
A3: =ROW()-1 -> 2 | B3: =C3&"-["&D3&"]["&E3&"]" -> CS10R-1-1-[2][2] | C3: CS10R-1-1 | D3: 2 | E3: 2 | F3: =VLOOKUP(C3&"-I"&D3,端口信息表!B:F,5,FALSE) -> RC2A | G3: =VLOOKUP(C3&"-O"&E3,端口信息表!B:F,5,FALSE) -> TC2A | H3: =IF(I3="常通",1,VLOOKUP(B3,'开关组信息表（新）'!C:I,7,0)) -> 1 | I3: 常通 | J3: =IF(N3=$M$1,M3,IF(N3=$L$1,L3,K3)) -> TWT-A2 | K3: TWT-A2 | L3: TWT-A4 | M3: TWT-A3 | N3: P0 | O3: =F3&"-"&G3 -> RC2A-TC2A
A4: =ROW()-1 -> 3 | B4: =C4&"-["&D4&"]["&E4&"]" -> CS10R-1-1-[3][3] | C4: CS10R-1-1 | D4: 3 | E4: 3 | F4: =VLOOKUP(C4&"-I"&D4,端口信息表!B:F,5,FALSE) -> RC3A | G4: =VLOOKUP(C4&"-O"&E4,端口信息表!B:F,5,FALSE) -> TC3A | H4: =IF(I4="常通",1,VLOOKUP(B4,'开关组信息表（新）'!C:I,7,0)) -> 1 | I4: 常通 | J4: =IF(N4=$M$1,M4,IF(N4=$L$1,L4,K4)) -> TWT-A3 | K4: TWT-A3 | L4: TWT-A4 | M4: TWT-A5 | N4: P0 | O4: =F4&"-"&G4 -> RC3A-TC3A
A5: =ROW()-1 -> 4 | B5: =C5&"-["&D5&"]["&E5&"]" -> CS10R-1-1-[4][4] | C5: CS10R-1-1 | D5: 4 | E5: 4 | F5: =VLOOKUP(C5&"-I"&D5,端口信息表!B:F,5,FALSE) -> RC4A | G5: =VLOOKUP(C5&"-O"&E5,端口信息表!B:F,5,FALSE) -> TC4A | H5: =IF(I5="常通",1,VLOOKUP(B5,'开关组信息表（新）'!C:I,7,0)) -> 1 | I5: 常通 | J5: =IF(N5=$M$1,M5,IF(N5=$L$1,L5,K5)) -> TWT-A5 | K5: TWT-A5 | L5: TWT-A4 | M5: TWT-A3 | N5: P0 | O5: =F5&"-"&G5 -> RC4A-TC4A
A6: =ROW()-1 -> 5 | B6: =C6&"-["&D6&"]["&E6&"]" -> CS10R-1-1-[5][5] | C6: CS10R-1-1 | D6: 5 | E6: 5 | F6: =VLOOKUP(C6&"-I"&D6,端口信息表!B:F,5,FALSE) -> RC5A | G6: =VLOOKUP(C6&"-O"&E6,端口信息表!B:F,5,FALSE) -> TC5A | H6: =IF(I6="常通",1,VLOOKUP(B6,'开关组信息表（新）'!C:I,7,0)) -> 1 | I6: 常通 | J6: =IF(N6=$M$1,M6,IF(N6=$L$1,L6,K6)) -> TWT-A6 | K6: TWT-A6 | L6: TWT-A4 | M6: TWT-A3 | N6: P0 | O6: =F6&"-"&G6 -> RC5A-TC5A
A7: =ROW()-1 -> 6 | B7: =C7&"-["&D7&"]["&E7&"]" -> CS10R-1-1-[6][6] | C7: CS10R-1-1 | D7: 6 | E7: 6 | F7: =VLOOKUP(C7&"-I"&D7,端口信息表!B:F,5,FALSE) -> RC6A | G7: =VLOOKUP(C7&"-O"&E7,端口信息表!B:F,5,FALSE) -> TC6A | H7: =IF(I7="常通",1,VLOOKUP(B7,'开关组信息表（新）'!C:I,7,0)) -> 1 | I7: 常通 | J7: =IF(N7=$M$1,M7,IF(N7=$L$1,L7,K7)) -> TWT-A7 | K7: TWT-A7 | L7: TWT-A8 | M7: TWT-A9 | N7: P0 | O7: =F7&"-"&G7 -> RC6A-TC6A
A8: =ROW()-1 -> 7 | B8: =C8&"-["&D8&"]["&E8&"]" -> CS10R-1-1-[7][7] | C8: CS10R-1-1 | D8: 7 | E8: 7 | F8: =VLOOKUP(C8&"-I"&D8,端口信息表!B:F,5,FALSE) -> RC7A | G8: =VLOOKUP(C8&"-O"&E8,端口信息表!B:F,5,FALSE) -> TC7A | H8: =IF(I8="常通",1,VLOOKUP(B8,'开关组信息表（新）'!C:I,7,0)) -> 1 | I8: 常通 | J8: =IF(N8=$M$1,M8,IF(N8=$L$1,L8,K8)) -> TWT-A9 | K8: TWT-A9 | L8: TWT-A8 | M8: TWT-A7 | N8: P0 | O8: =F8&"-"&G8 -> RC7A-TC7A
A9: =ROW()-1 -> 8 | B9: =C9&"-["&D9&"]["&E9&"]" -> CS10R-1-1-[8][8] | C9: CS10R-1-1 | D9: 8 | E9: 8 | F9: =VLOOKUP(C9&"-I"&D9,端口信息表!B:F,5,FALSE) -> RC8A | G9: =VLOOKUP(C9&"-O"&E9,端口信息表!B:F,5,FALSE) -> TC8A | H9: =IF(I9="常通",1,VLOOKUP(B9,'开关组信息表（新）'!C:I,7,0)) -> 1 | I9: 常通 | J9: =IF(N9=$M$1,M9,IF(N9=$L$1,L9,K9)) -> TWT-A10 | K9: TWT-A10 | L9: TWT-A8 | M9: TWT-A11 | N9: P0 | O9: =F9&"-"&G9 -> RC8A-TC8A
A10: =ROW()-1 -> 9 | B10: =C10&"-["&D10&"]["&E10&"]" -> CS10R-1-1-[9][9] | C10: CS10R-1-1 | D10: 9 | E10: 9 | F10: =VLOOKUP(C10&"-I"&D10,端口信息表!B:F,5,FALSE) -> RC9A | G10: =VLOOKUP(C10&"-O"&E10,端口信息表!B:F,5,FALSE) -> TC9A | H10: =IF(I10="常通",1,VLOOKUP(B10,'开关组信息表（新）'!C:I,7,0)) -> 1 | I10: 常通 | J10: =IF(N10=$M$1,M10,IF(N10=$L$1,L10,K10)) -> TWT-A11 | K10: TWT-A11 | L10: TWT-A12 | M10: TWT-A10 | N10: P0 | O10: =F10&"-"&G10 -> RC9A-TC9A
A11: =ROW()-1 -> 10 | B11: =C11&"-["&D11&"]["&E11&"]" -> CS10R-1-1-[10][10] | C11: CS10R-1-1 | D11: 10 | E11: 10 | F11: =VLOOKUP(C11&"-I"&D11,端口信息表!B:F,5,FALSE) -> RC11A | G11: =VLOOKUP(C11&"-O"&E11,端口信息表!B:F,5,FALSE) -> TC11A | H11: =IF(I11="常通",1,VLOOKUP(B11,'开关组信息表（新）'!C:I,7,0)) -> 1 | I11: 常通 | J11: =IF(N11=$M$1,M11,IF(N11=$L$1,L11,K11)) -> TWT-B1 | K11: TWT-B1 | L11: TWT-B3 | M11: TWT-B4 | N11: P0 | O11: =F11&"-"&G11 -> RC11A-TC11A
A12: =ROW()-1 -> 11 | B12: =C12&"-["&D12&"]["&E12&"]" -> CS10R-1-1-[11][11] | C12: CS10R-1-1 | D12: 11 | E12: 11 | F12: =VLOOKUP(C12&"-I"&D12,端口信息表!B:F,5,FALSE) -> RC12A | G12: =VLOOKUP(C12&"-O"&E12,端口信息表!B:F,5,FALSE) -> TC12A | H12: =IF(I12="常通",1,VLOOKUP(B12,'开关组信息表（新）'!C:I,7,0)) -> 1 | I12: 常通 | J12: =IF(N12=$M$1,M12,IF(N12=$L$1,L12,K12)) -> TWT-B2 | K12: TWT-B2 | L12: TWT-B3 | M12: TWT-B1 | N12: P0 | O12: =F12&"-"&G12 -> RC12A-TC12A
A13: =ROW()-1 -> 12 | B13: =C13&"-["&D13&"]["&E13&"]" -> CS10R-1-1-[12][12] | C13: CS10R-1-1 | D13: 12 | E13: 12 | F13: =VLOOKUP(C13&"-I"&D13,端口信息表!B:F,5,FALSE) -> RC13A | G13: =VLOOKUP(C13&"-O"&E13,端口信息表!B:F,5,FALSE) -> TC13A | H13: =IF(I13="常通",1,VLOOKUP(B13,'开关组信息表（新）'!C:I,7,0)) -> 1 | I13: 常通 | J13: =IF(N13=$M$1,M13,IF(N13=$L$1,L13,K13)) -> TWT-B4 | K13: TWT-B4 | L13: TWT-B3 | M13: TWT-B5 | N13: P0 | O13: =F13&"-"&G13 -> RC13A-TC13A
... A141: =ROW()-1 -> 140 | B141: =C141&"-["&D141&"]["&E141&"]" -> CS6D-1-2-[18][18] | C141: CS6D-1-2 | D141: 18 | E141: 18 | F141: =VLOOKUP(C141&"-I"&D141,端口信息表!B:F,5,FALSE) -> RZ5B | G141: =VLOOKUP(C141&"-O"&E141,端口信息表!B:F,5,FALSE) -> TZ5B | H141: =IF(I141="常通",1,VLOOKUP(B141,'开关组信息表（新）'!C:I,7,0)) -> 1 | I141: 常通 | J141: =IF(N141=$M$1,M141,IF(N141=$L$1,L141,K141)) -> TWT 18-Ku | K141: TWT 18-Ku | L141: TWT 16-Ku | M141: TWT 17-Ku | N141: P0 | O141: =F141&"-"&G141 -> RZ5B-TZ5B
A142: =ROW()-1 -> 141 | B142: =C142&"-["&D142&"]["&E142&"]" -> CS6D-1-2-[19][19] | C142: CS6D-1-2 | D142: 19 | E142: 19 | F142: =VLOOKUP(C142&"-I"&D142,端口信息表!B:F,5,FALSE) -> RZ6B | G142: =VLOOKUP(C142&"-O"&E142,端口信息表!B:F,5,FALSE) -> TZ6B | H142: 1 | I142: 常通 | J142: =IF(N142=$M$1,M142,IF(N142=$L$1,L142,K142)) -> TWT 19-Ku | K142: TWT 19-Ku | L142: TWT 23-Ku | M142: TWT 20-Ku | N142: P0 | O142: =F142&"-"&G142 -> RZ6B-TZ6B
A143: =ROW()-1 -> 142 | B143: =C143&"-["&D143&"]["&E143&"]" -> CS6D-1-2-[20][20] | C143: CS6D-1-2 | D143: 20 | E143: 20 | F143: =VLOOKUP(C143&"-I"&D143,端口信息表!B:F,5,FALSE) -> RZ7B | G143: =VLOOKUP(C143&"-O"&E143,端口信息表!B:F,5,FALSE) -> TZ7B | H143: =IF(I143="常通",1,VLOOKUP(B143,'开关组信息表（新）'!C:I,7,0)) -> 0 | I143: 可切 | J143: =IF(N143=$M$1,M143,IF(N143=$L$1,L143,K143)) -> TWT 20-Ku | K143: TWT 20-Ku | L143: TWT 23-Ku | M143: TWT 19-Ku | N143: P0 | O143: =F143&"-"&G143 -> RZ7B-TZ7B
A144: =ROW()-1 -> 143 | B144: =C144&"-["&D144&"]["&E144&"]" -> CS6D-1-2-[21][21] | C144: CS6D-1-2 | D144: 21 | E144: 21 | F144: =VLOOKUP(C144&"-I"&D144,端口信息表!B:F,5,FALSE) -> RZ8B | G144: =VLOOKUP(C144&"-O"&E144,端口信息表!B:F,5,FALSE) -> TZ8B | H144: =IF(I144="常通",1,VLOOKUP(B144,'开关组信息表（新）'!C:I,7,0)) -> 1 | I144: 可切 | J144: =IF(N144=$M$1,M144,IF(N144=$L$1,L144,K144)) -> TWT 21-Ku | K144: TWT 21-Ku | L144: TWT 23-Ku | M144: TWT 22-Ku | N144: P0 | O144: =F144&"-"&G144 -> RZ8B-TZ8B
A145: =ROW()-1 -> 144 | B145: =C145&"-["&D145&"]["&E145&"]" -> CS6D-1-2-[22][22] | C145: CS6D-1-2 | D145: 22 | E145: 22 | F145: =VLOOKUP(C145&"-I"&D145,端口信息表!B:F,5,FALSE) -> RZ9B | G145: =VLOOKUP(C145&"-O"&E145,端口信息表!B:F,5,FALSE) -> TZ9B | H145: =IF(I145="常通",1,VLOOKUP(B145,'开关组信息表（新）'!C:I,7,0)) -> 0 | I145: 可切 | J145: =IF(N145=$M$1,M145,IF(N145=$L$1,L145,K145)) -> TWT 22-Ku | K145: TWT 22-Ku | L145: TWT 23-Ku | M145: TWT 21-Ku | N145: P0 | O145: =F145&"-"&G145 -> RZ9B-TZ9B
A146: =ROW()-1 -> 145 | B146: =C146&"-["&D146&"]["&E146&"]" -> CS6D-1-2-[23][23] | C146: CS6D-1-2 | D146: 23 | E146: 23 | F146: =VLOOKUP(C146&"-I"&D146,端口信息表!B:F,5,FALSE) -> RZ10B | G146: =VLOOKUP(C146&"-O"&E146,端口信息表!B:F,5,FALSE) -> TZ10B | H146: =IF(I146="常通",1,VLOOKUP(B146,'开关组信息表（新）'!C:I,7,0)) -> 0 | I146: 可切 | J146: =IF(N146=$M$1,M146,IF(N146=$L$1,L146,K146)) -> TWT 24-Ku | K146: TWT 24-Ku | L146: TWT 23-Ku | M146: TWT 25-Ku | N146: P0 | O146: =F146&"-"&G146 -> RZ10B-TZ10B
A147: =ROW()-1 -> 146 | B147: =C147&"-["&D147&"]["&E147&"]" -> CS6D-1-2-[24][24] | C147: CS6D-1-2 | D147: 24 | E147: 24 | F147: =VLOOKUP(C147&"-I"&D147,端口信息表!B:F,5,FALSE) -> RZ11B | G147: =VLOOKUP(C147&"-O"&E147,端口信息表!B:F,5,FALSE) -> TZ11B | H147: =IF(I147="常通",1,VLOOKUP(B147,'开关组信息表（新）'!C:I,7,0)) -> 0 | I147: 可切 | J147: =IF(N147=$M$1,M147,IF(N147=$L$1,L147,K147)) -> TWT 25-Ku | K147: TWT 25-Ku | L147: TWT 23-Ku | M147: TWT 26-Ku | N147: P0 | O147: =F147&"-"&G147 -> RZ11B-TZ11B
A148: =ROW()-1 -> 147 | B148: =C148&"-["&D148&"]["&E148&"]" -> CS6D-1-2-[25][25] | C148: CS6D-1-2 | D148: 25 | E148: 25 | F148: =VLOOKUP(C148&"-I"&D148,端口信息表!B:F,5,FALSE) -> RZ12B | G148: =VLOOKUP(C148&"-O"&E148,端口信息表!B:F,5,FALSE) -> TZ12B | H148: =IF(I148="常通",1,VLOOKUP(B148,'开关组信息表（新）'!C:I,7,0)) -> 0 | I148: 可切 | J148: =IF(N148=$M$1,M148,IF(N148=$L$1,L148,K148)) -> TWT 26-Ku | K148: TWT 26-Ku | L148: TWT 23-Ku | M148: TWT 25-Ku | N148: P0 | O148: =F148&"-"&G148 -> RZ12B-TZ12B
A149: =ROW()-1 -> 148 | B149: =C149&"-["&D149&"]["&E149&"]" -> CS6D-1-2-[26][26] | C149: CS6D-1-2 | D149: 26 | E149: 26 | F149: =VLOOKUP(C149&"-I"&D149,端口信息表!B:F,5,FALSE) -> RS7B | G149: =VLOOKUP(C149&"-O"&E149,端口信息表!B:F,5,FALSE) -> TS7B | H149: =IF(I149="常通",1,VLOOKUP(B149,'开关组信息表（新）'!C:I,7,0)) -> 1 | I149: 可切 | J149: =IF(N149=$M$1,M149,IF(N149=$L$1,L149,K149)) -> TWT 20-Ku | K149: TWT 20-Ku | L149: TWT 23-Ku | M149: TWT 19-Ku | N149: P0 | O149: =F149&"-"&G149 -> RS7B-TS7B
A150: =ROW()-1 -> 149 | B150: =C150&"-["&D150&"]["&E150&"]" -> CS6D-1-2-[27][27] | C150: CS6D-1-2 | D150: 27 | E150: 27 | F150: =VLOOKUP(C150&"-I"&D150,端口信息表!B:F,5,FALSE) -> RS8B | G150: =VLOOKUP(C150&"-O"&E150,端口信息表!B:F,5,FALSE) -> TS8B | H150: =IF(I150="常通",1,VLOOKUP(B150,'开关组信息表（新）'!C:I,7,0)) -> 0 | I150: 可切 | J150: =IF(N150=$M$1,M150,IF(N150=$L$1,L150,K150)) -> TWT 21-Ku | K150: TWT 21-Ku | L150: TWT 23-Ku | M150: TWT 22-Ku | N150: P0 | O150: =F150&"-"&G150 -> RS8B-TS8B
A151: =ROW()-1 -> 150 | B151: =C151&"-["&D151&"]["&E151&"]" -> CS6D-1-2-[28][28] | C151: CS6D-1-2 | D151: 28 | E151: 28 | F151: =VLOOKUP(C151&"-I"&D151,端口信息表!B:F,5,FALSE) -> RS9B | G151: =VLOOKUP(C151&"-O"&E151,端口信息表!B:F,5,FALSE) -> TS9B | H151: =IF(I151="常通",1,VLOOKUP(B151,'开关组信息表（新）'!C:I,7,0)) -> 1 | I151: 可切 | J151: =IF(N151=$M$1,M151,IF(N151=$L$1,L151,K151)) -> TWT 22-Ku | K151: TWT 22-Ku | L151: TWT 23-Ku | M151: TWT 21-Ku | N151: P0 | O151: =F151&"-"&G151 -> RS9B-TS9B
A152: =ROW()-1 -> 151 | B152: =C152&"-["&D152&"]["&E152&"]" -> CS6D-1-2-[29][29] | C152: CS6D-1-2 | D152: 29 | E152: 29 | F152: =VLOOKUP(C152&"-I"&D152,端口信息表!B:F,5,FALSE) -> RS10B | G152: =VLOOKUP(C152&"-O"&E152,端口信息表!B:F,5,FALSE) -> TS10B | H152: =IF(I152="常通",1,VLOOKUP(B152,'开关组信息表（新）'!C:I,7,0)) -> 1 | I152: 可切 | J152: =IF(N152=$M$1,M152,IF(N152=$L$1,L152,K152)) -> TWT 24-Ku | K152: TWT 24-Ku | L152: TWT 23-Ku | M152: TWT 25-Ku | N152: P0 | O152: =F152&"-"&G152 -> RS10B-TS10B
A153: =ROW()-1 -> 152 | B153: =C153&"-["&D153&"]["&E153&"]" -> CS6D-1-2-[30][30] | C153: CS6D-1-2 | D153: 30 | E153: 30 | F153: =VLOOKUP(C153&"-I"&D153,端口信息表!B:F,5,FALSE) -> RS11B | G153: =VLOOKUP(C153&"-O"&E153,端口信息表!B:F,5,FALSE) -> TS11B | H153: =IF(I153="常通",1,VLOOKUP(B153,'开关组信息表（新）'!C:I,7,0)) -> 1 | I153: 可切 | J153: =IF(N153=$M$1,M153,IF(N153=$L$1,L153,K153)) -> TWT 25-Ku | K153: TWT 25-Ku | L153: TWT 23-Ku | M153: TWT 26-Ku | N153: P0 | O153: =F153&"-"&G153 -> RS11B-TS11B
A154: =ROW()-1 -> 153 | B154: =C154&"-["&D154&"]["&E154&"]" -> CS6D-1-2-[31][31] | C154: CS6D-1-2 | D154: 31 | E154: 31 | F154: =VLOOKUP(C154&"-I"&D154,端口信息表!B:F,5,FALSE) -> RS12B | G154: =VLOOKUP(C154&"-O"&E154,端口信息表!B:F,5,FALSE) -> TS12B | H154: =IF(I154="常通",1,VLOOKUP(B154,'开关组信息表（新）'!C:I,7,0)) -> 1 | I154: 可切 | J154: =IF(N154=$M$1,M154,IF(N154=$L$1,L154,K154)) -> TWT 26-Ku | K154: TWT 26-Ku | L154: TWT 23-Ku | M154: TWT 25-Ku | N154: P0 | O154: =F154&"-"&G154 -> RS12B-TS12B
A155: =ROW()-1 -> 154 | B155: =C155&"-["&D155&"]["&E155&"]" -> CS6E-1-1-[1][1] | C155: CS6E-1-1 | D155: 1 | E155: 1 | F155: =VLOOKUP(C155&"-I"&D155,端口信息表!B:F,5,FALSE) -> RK-HL-09-R-A | G155: =VLOOKUP(C155&"-O"&E155,端口信息表!B:F,5,FALSE) -> TS09-001-V-A | H155: =IF(I155="常通",1,VLOOKUP(B155,'开关组信息表（新）'!C:I,7,0)) -> 1 | I155: 常通 | J155: =IF(N155=$M$1,M155,IF(N155=$L$1,L155,K155)) -> 0 | N155: P0 | O155: =F155&"-"&G155 -> RK-HL-09-R-A-TS09-001-V-A
A156: =ROW()-1 -> 155 | B156: =C156&"-["&D156&"]["&E156&"]" -> CS6E-1-1-[2][2] | C156: CS6E-1-1 | D156: 2 | E156: 2 | F156: =VLOOKUP(C156&"-I"&D156,端口信息表!B:F,5,FALSE) -> RK-HL-10-R-A | G156: =VLOOKUP(C156&"-O"&E156,端口信息表!B:F,5,FALSE) -> TS10-001-V-A | H156: =IF(I156="常通",1,VLOOKUP(B156,'开关组信息表（新）'!C:I,7,0)) -> 1 | I156: 常通 | J156: =IF(N156=$M$1,M156,IF(N156=$L$1,L156,K156)) -> 0 | N156: P0 | O156: =F156&"-"&G156 -> RK-HL-10-R-A-TS10-001-V-A
A157: =ROW()-1 -> 156 | B157: =C157&"-["&D157&"]["&E157&"]" -> CS6E-1-1-[3][3] | C157: CS6E-1-1 | D157: 3 | E157: 3 | F157: =VLOOKUP(C157&"-I"&D157,端口信息表!B:F,5,FALSE) -> RK-HL-11-L-A | G157: =VLOOKUP(C157&"-O"&E157,端口信息表!B:F,5,FALSE) -> TS11-001-V-A | H157: =IF(I157="常通",1,VLOOKUP(B157,'开关组信息表（新）'!C:I,7,0)) -> 1 | I157: 常通 | J157: =IF(N157=$M$1,M157,IF(N157=$L$1,L157,K157)) -> 0 | N157: P0 | O157: =F157&"-"&G157 -> RK-HL-11-L-A-TS11-001-V-A
A158: =ROW()-1 -> 157 | B158: =C158&"-["&D158&"]["&E158&"]" -> CS6E-1-1-[4][4] | C158: CS6E-1-1 | D158: 4 | E158: 4 | F158: =VLOOKUP(C158&"-I"&D158,端口信息表!B:F,5,FALSE) -> RK-HL-12-R-A | G158: =VLOOKUP(C158&"-O"&E158,端口信息表!B:F,5,FALSE) -> TS12-001-V-A | H158: =IF(I158="常通",1,VLOOKUP(B158,'开关组信息表（新）'!C:I,7,0)) -> 1 | I158: 常通 | J158: =IF(N158=$M$1,M158,IF(N158=$L$1,L158,K158)) -> 0 | N158: P0 | O158: =F158&"-"&G158 -> RK-HL-12-R-A-TS12-001-V-A
A159: =ROW()-1 -> 158 | B159: =C159&"-["&D159&"]["&E159&"]" -> CS6E-1-1-[5][5] | C159: CS6E-1-1 | D159: 5 | E159: 5 | F159: =VLOOKUP(C159&"-I"&D159,端口信息表!B:F,5,FALSE) -> RK-HL-13-L-A | G159: =VLOOKUP(C159&"-O"&E159,端口信息表!B:F,5,FALSE) -> TS13-001-V-A | H159: =IF(I159="常通",1,VLOOKUP(B159,'开关组信息表（新）'!C:I,7,0)) -> 1 | I159: 常通 | J159: =IF(N159=$M$1,M159,IF(N159=$L$1,L159,K159)) -> 0 | N159: P0 | O159: =F159&"-"&G159 -> RK-HL-13-L-A-TS13-001-V-A
A160: =ROW()-1 -> 159 | B160: =C160&"-["&D160&"]["&E160&"]" -> CS6E-1-1-[6][6] | C160: CS6E-1-1 | D160: 6 | E160: 6 | F160: =VLOOKUP(C160&"-I"&D160,端口信息表!B:F,5,FALSE) -> RK-HL-14-L-A | G160: =VLOOKUP(C160&"-O"&E160,端口信息表!B:F,5,FALSE) -> TS14-001-V-A | H160: =IF(I160="常通",1,VLOOKUP(B160,'开关组信息表（新）'!C:I,7,0)) -> 1 | I160: 常通 | J160: =IF(N160=$M$1,M160,IF(N160=$L$1,L160,K160)) -> 0 | N160: P0 | O160: =F160&"-"&G160 -> RK-HL-14-L-A-TS14-001-V-A
A161: =ROW()-1 -> 160 | B161: =C161&"-["&D161&"]["&E161&"]" -> CS6E-1-1-[7][7] | C161: CS6E-1-1 | D161: 7 | E161: 7 | F161: =VLOOKUP(C161&"-I"&D161,端口信息表!B:F,5,FALSE) -> RK-HL-15-L-A | G161: =VLOOKUP(C161&"-O"&E161,端口信息表!B:F,5,FALSE) -> TS15-001-V-A | H161: =IF(I161="常通",1,VLOOKUP(B161,'开关组信息表（新）'!C:I,7,0)) -> 1 | I161: 常通 | J161: =IF(N161=$M$1,M161,IF(N161=$L$1,L161,K161)) -> 0 | N161: P0 | O161: =F161&"-"&G161 -> RK-HL-15-L-A-TS15-001-V-A
A162: =ROW()-1 -> 161 | B162: =C162&"-["&D162&"]["&E162&"]" -> CS6E-1-1-[8][8] | C162: CS6E-1-1 | D162: 8 | E162: 8 | F162: =VLOOKUP(C162&"-I"&D162,端口信息表!B:F,5,FALSE) -> RK-HL-17-L-A | G162: =VLOOKUP(C162&"-O"&E162,端口信息表!B:F,5,FALSE) -> TS17-001-V-A | H162: =IF(I162="常通",1,VLOOKUP(B162,'开关组信息表（新）'!C:I,7,0)) -> 1 | I162: 常通 | J162: =IF(N162=$M$1,M162,IF(N162=$L$1,L162,K162)) -> 0 | N162: P0 | O162: =F162&"-"&G162 -> RK-HL-17-L-A-TS17-001-V-A
A163: =ROW()-1 -> 162 | B163: =C163&"-["&D163&"]["&E163&"]" -> CS6E-1-1-[9][9] | C163: CS6E-1-1 | D163: 9 | E163: 9 | F163: =VLOOKUP(C163&"-I"&D163,端口信息表!B:F,5,FALSE) -> RK-HL-18-L-A | G163: =VLOOKUP(C163&"-O"&E163,端口信息表!B:F,5,FALSE) -> TS18-001-V-A | H163: =IF(I163="常通",1,VLOOKUP(B163,'开关组信息表（新）'!C:I,7,0)) -> 1 | I163: 常通 | J163: =IF(N163=$M$1,M163,IF(N163=$L$1,L163,K163)) -> 0 | N163: P0 | O163: =F163&"-"&G163 -> RK-HL-18-L-A-TS18-001-V-A
A164: =ROW()-1 -> 163 | B164: =C164&"-["&D164&"]["&E164&"]" -> CS6E-1-1-[10][10] | C164: CS6E-1-1 | D164: 10 | E164: 10 | F164: =VLOOKUP(C164&"-I"&D164,端口信息表!B:F,5,FALSE) -> RK-HL-19-L-A | G164: =VLOOKUP(C164&"-O"&E164,端口信息表!B:F,5,FALSE) -> TS19-001-V-A | H164: =IF(I164="常通",1,VLOOKUP(B164,'开关组信息表（新）'!C:I,7,0)) -> 1 | I164: 常通 | J164: =IF(N164=$M$1,M164,IF(N164=$L$1,L164,K164)) -> 0 | N164: P0 | O164: =F164&"-"&G164 -> RK-HL-19-L-A-TS19-001-V-A
A165: =ROW()-1 -> 164 | B165: =C165&"-["&D165&"]["&E165&"]" -> CS6E-1-1-[11][11] | C165: CS6E-1-1 | D165: 11 | E165: 11 | F165: =VLOOKUP(C165&"-I"&D165,端口信息表!B:F,5,FALSE) -> RK-HL-20-R-A | G165: =VLOOKUP(C165&"-O"&E165,端口信息表!B:F,5,FALSE) -> TS20-001-V-A | H165: =IF(I165="常通",1,VLOOKUP(B165,'开关组信息表（新）'!C:I,7,0)) -> 1 | I165: 常通 | J165: =IF(N165=$M$1,M165,IF(N165=$L$1,L165,K165)) -> 0 | N165: P0 | O165: =F165&"-"&G165 -> RK-HL-20-R-A-TS20-001-V-A
A166: =ROW()-1 -> 165 | B166: =C166&"-["&D166&"]["&E166&"]" -> CS6E-1-1-[12][12] | C166: CS6E-1-1 | D166: 12 | E166: 12 | F166: =VLOOKUP(C166&"-I"&D166,端口信息表!B:F,5,FALSE) -> RK-HL-21-R-A | G166: =VLOOKUP(C166&"-O"&E166,端口信息表!B:F,5,FALSE) -> TS21-001-V-A | H166: =IF(I166="常通",1,VLOOKUP(B166,'开关组信息表（新）'!C:I,7,0)) -> 1 | I166: 常通 | J166: =IF(N166=$M$1,M166,IF(N166=$L$1,L166,K166)) -> 0 | N166: P0 | O166: =F166&"-"&G166 -> RK-HL-21-R-A-TS21-001-V-A
A167: =ROW()-1 -> 166 | B167: =C167&"-["&D167&"]["&E167&"]" -> CS6E-1-1-[13][13] | C167: CS6E-1-1 | D167: 13 | E167: 13 | F167: =VLOOKUP(C167&"-I"&D167,端口信息表!B:F,5,FALSE) -> RK-HL-22-L-A | G167: =VLOOKUP(C167&"-O"&E167,端口信息表!B:F,5,FALSE) -> TS22-001-V-A | H167: =IF(I167="常通",1,VLOOKUP(B167,'开关组信息表（新）'!C:I,7,0)) -> 1 | I167: 常通 | J167: =IF(N167=$M$1,M167,IF(N167=$L$1,L167,K167)) -> 0 | N167: P0 | O167: =F167&"-"&G167 -> RK-HL-22-L-A-TS22-001-V-A
A168: =ROW()-1 -> 167 | B168: =C168&"-["&D168&"]["&E168&"]" -> CS6E-1-2-[1][1] | C168: CS6E-1-2 | D168: 1 | E168: 1 | F168: =VLOOKUP(C168&"-I"&D168,端口信息表!B:F,5,FALSE) -> RS09-001-H-A | G168: =VLOOKUP(C168&"-O"&E168,端口信息表!B:F,5,FALSE) -> TK-HL-09-L-A | H168: =IF(I168="常通",1,VLOOKUP(B168,'开关组信息表（新）'!C:I,7,0)) -> 1 | I168: 常通 | J168: =IF(N168=$M$1,M168,IF(N168=$L$1,L168,K168)) -> TWT 2-Ka | K168: TWT 2-Ka | L168: TWT 1-Ka | M168: TWT 3-Ka | N168: P0 | O168: =F168&"-"&G168 -> RS09-001-H-A-TK-HL-09-L-A
A169: =ROW()-1 -> 168 | B169: =C169&"-["&D169&"]["&E169&"]" -> CS6E-1-2-[2][2] | C169: CS6E-1-2 | D169: 2 | E169: 2 | F169: =VLOOKUP(C169&"-I"&D169,端口信息表!B:F,5,FALSE) -> RS10-001-H-A | G169: =VLOOKUP(C169&"-O"&E169,端口信息表!B:F,5,FALSE) -> TK-HL-10-L-A | H169: =IF(I169="常通",1,VLOOKUP(B169,'开关组信息表（新）'!C:I,7,0)) -> 1 | I169: 常通 | J169: =IF(N169=$M$1,M169,IF(N169=$L$1,L169,K169)) -> TWT 2-Ka | K169: TWT 2-Ka | L169: TWT 1-Ka | M169: TWT 3-Ka | N169: P0 | O169: =F169&"-"&G169 -> RS10-001-H-A-TK-HL-10-L-A
A170: =ROW()-1 -> 169 | B170: =C170&"-["&D170&"]["&E170&"]" -> CS6E-1-2-[3][3] | C170: CS6E-1-2 | D170: 3 | E170: 3 | F170: =VLOOKUP(C170&"-I"&D170,端口信息表!B:F,5,FALSE) -> RS11-001-H-A | G170: =VLOOKUP(C170&"-O"&E170,端口信息表!B:F,5,FALSE) -> TK-HL-11-R-A | H170: =IF(I170="常通",1,VLOOKUP(B170,'开关组信息表（新）'!C:I,7,0)) -> 1 | I170: 常通 | J170: =IF(N170=$M$1,M170,IF(N170=$L$1,L170,K170)) -> TWT 3-Ka | K170: TWT 3-Ka | L170: TWT 4-Ka | M170: TWT 2-Ka | N170: P0 | O170: =F170&"-"&G170 -> RS11-001-H-A-TK-HL-11-R-A
A171: =ROW()-1 -> 170 | B171: =C171&"-["&D171&"]["&E171&"]" -> CS6E-1-2-[4][4] | C171: CS6E-1-2 | D171: 4 | E171: 4 | F171: =VLOOKUP(C171&"-I"&D171,端口信息表!B:F,5,FALSE) -> RS12-001-H-A | G171: =VLOOKUP(C171&"-O"&E171,端口信息表!B:F,5,FALSE) -> TK-HL-12-L-A | H171: =IF(I171="常通",1,VLOOKUP(B171,'开关组信息表（新）'!C:I,7,0)) -> 1 | I171: 常通 | J171: =IF(N171=$M$1,M171,IF(N171=$L$1,L171,K171)) -> TWT 2-Ka | K171: TWT 2-Ka | L171: TWT 1-Ka | M171: TWT 3-Ka | N171: P0 | O171: =F171&"-"&G171 -> RS12-001-H-A-TK-HL-12-L-A
A172: =ROW()-1 -> 171 | B172: =C172&"-["&D172&"]["&E172&"]" -> CS6E-1-2-[5][5] | C172: CS6E-1-2 | D172: 5 | E172: 5 | F172: =VLOOKUP(C172&"-I"&D172,端口信息表!B:F,5,FALSE) -> RS13-001-H-A | G172: =VLOOKUP(C172&"-O"&E172,端口信息表!B:F,5,FALSE) -> TK-HL-13-R-A | H172: =IF(I172="常通",1,VLOOKUP(B172,'开关组信息表（新）'!C:I,7,0)) -> 1 | I172: 常通 | J172: =IF(N172=$M$1,M172,IF(N172=$L$1,L172,K172)) -> TWT 3-Ka | K172: TWT 3-Ka | L172: TWT 4-Ka | M172: TWT 2-Ka | N172: P0 | O172: =F172&"-"&G172 -> RS13-001-H-A-TK-HL-13-R-A
A173: =ROW()-1 -> 172 | B173: =C173&"-["&D173&"]["&E173&"]" -> CS6E-1-2-[6][6] | C173: CS6E-1-2 | D173: 6 | E173: 6 | F173: =VLOOKUP(C173&"-I"&D173,端口信息表!B:F,5,FALSE) -> RS14-001-H-A | G173: =VLOOKUP(C173&"-O"&E173,端口信息表!B:F,5,FALSE) -> TK-HL-14-R-A | H173: =IF(I173="常通",1,VLOOKUP(B173,'开关组信息表（新）'!C:I,7,0)) -> 1 | I173: 常通 | J173: =IF(N173=$M$1,M173,IF(N173=$L$1,L173,K173)) -> TWT 3-Ka | K173: TWT 3-Ka | L173: TWT 4-Ka | M173: TWT 2-Ka | N173: P0 | O173: =F173&"-"&G173 -> RS14-001-H-A-TK-HL-14-R-A
A174: =ROW()-1 -> 173 | B174: =C174&"-["&D174&"]["&E174&"]" -> CS6E-1-2-[7][7] | C174: CS6E-1-2 | D174: 7 | E174: 7 | F174: =VLOOKUP(C174&"-I"&D174,端口信息表!B:F,5,FALSE) -> RS15-001-H-A | G174: =VLOOKUP(C174&"-O"&E174,端口信息表!B:F,5,FALSE) -> TK-HL-15-R-A | H174: =IF(I174="常通",1,VLOOKUP(B174,'开关组信息表（新）'!C:I,7,0)) -> 1 | I174: 常通 | J174: =IF(N174=$M$1,M174,IF(N174=$L$1,L174,K174)) -> TWT 3-Ka | K174: TWT 3-Ka | L174: TWT 4-Ka | M174: TWT 2-Ka | N174: P0 | O174: =F174&"-"&G174 -> RS15-001-H-A-TK-HL-15-R-A
A175: =ROW()-1 -> 174 | B175: =C175&"-["&D175&"]["&E175&"]" -> CS6E-1-2-[8][8] | C175: CS6E-1-2 | D175: 8 | E175: 8 | F175: =VLOOKUP(C175&"-I"&D175,端口信息表!B:F,5,FALSE) -> RS17-001-H-A | G175: =VLOOKUP(C175&"-O"&E175,端口信息表!B:F,5,FALSE) -> TK-HL-17-R-A | H175: =IF(I175="常通",1,VLOOKUP(B175,'开关组信息表（新）'!C:I,7,0)) -> 1 | I175: 常通 | J175: =IF(N175=$M$1,M175,IF(N175=$L$1,L175,K175)) -> TWT 3-Ka | K175: TWT 3-Ka | L175: TWT 4-Ka | M175: TWT 2-Ka | N175: P0 | O175: =F175&"-"&G175 -> RS17-001-H-A-TK-HL-17-R-A
A176: =ROW()-1 -> 175 | B176: =C176&"-["&D176&"]["&E176&"]" -> CS6E-1-2-[9][9] | C176: CS6E-1-2 | D176: 9 | E176: 9 | F176: =VLOOKUP(C176&"-I"&D176,端口信息表!B:F,5,FALSE) -> RS18-001-H-A | G176: =VLOOKUP(C176&"-O"&E176,端口信息表!B:F,5,FALSE) -> TK-HL-18-R-A | H176: =IF(I176="常通",1,VLOOKUP(B176,'开关组信息表（新）'!C:I,7,0)) -> 1 | I176: 常通 | J176: =IF(N176=$M$1,M176,IF(N176=$L$1,L176,K176)) -> TWT 3-Ka | K176: TWT 3-Ka | L176: TWT 4-Ka | M176: TWT 2-Ka | N176: P0 | O176: =F176&"-"&G176 -> RS18-001-H-A-TK-HL-18-R-A
A177: =ROW()-1 -> 176 | B177: =C177&"-["&D177&"]["&E177&"]" -> CS6E-1-2-[10][10] | C177: CS6E-1-2 | D177: 10 | E177: 10 | F177: =VLOOKUP(C177&"-I"&D177,端口信息表!B:F,5,FALSE) -> RS19-001-H-A | G177: =VLOOKUP(C177&"-O"&E177,端口信息表!B:F,5,FALSE) -> TK-HL-19-R-A | H177: =IF(I177="常通",1,VLOOKUP(B177,'开关组信息表（新）'!C:I,7,0)) -> 1 | I177: 常通 | J177: =IF(N177=$M$1,M177,IF(N177=$L$1,L177,K177)) -> TWT 3-Ka | K177: TWT 3-Ka | L177: TWT 4-Ka | M177: TWT 2-Ka | N177: P0 | O177: =F177&"-"&G177 -> RS19-001-H-A-TK-HL-19-R-A
A178: =ROW()-1 -> 177 | B178: =C178&"-["&D178&"]["&E178&"]" -> CS6E-1-2-[11][11] | C178: CS6E-1-2 | D178: 11 | E178: 11 | F178: =VLOOKUP(C178&"-I"&D178,端口信息表!B:F,5,FALSE) -> RS20-001-H-A | G178: =VLOOKUP(C178&"-O"&E178,端口信息表!B:F,5,FALSE) -> TK-HL-20-L-A | H178: =IF(I178="常通",1,VLOOKUP(B178,'开关组信息表（新）'!C:I,7,0)) -> 1 | I178: 常通 | J178: =IF(N178=$M$1,M178,IF(N178=$L$1,L178,K178)) -> TWT 2-Ka | K178: TWT 2-Ka | L178: TWT 1-Ka | M178: TWT 3-Ka | N178: P0 | O178: =F178&"-"&G178 -> RS20-001-H-A-TK-HL-20-L-A
A179: =ROW()-1 -> 178 | B179: =C179&"-["&D179&"]["&E179&"]" -> CS6E-1-2-[12][12] | C179: CS6E-1-2 | D179: 12 | E179: 12 | F179: =VLOOKUP(C179&"-I"&D179,端口信息表!B:F,5,FALSE) -> RS21-001-H-A | G179: =VLOOKUP(C179&"-O"&E179,端口信息表!B:F,5,FALSE) -> TK-HL-21-L-A | H179: =IF(I179="常通",1,VLOOKUP(B179,'开关组信息表（新）'!C:I,7,0)) -> 1 | I179: 常通 | J179: =IF(N179=$M$1,M179,IF(N179=$L$1,L179,K179)) -> TWT 2-Ka | K179: TWT 2-Ka | L179: TWT 1-Ka | M179: TWT 3-Ka | N179: P0 | O179: =F179&"-"&G179 -> RS21-001-H-A-TK-HL-21-L-A
A180: =ROW()-1 -> 179 | B180: =C180&"-["&D180&"]["&E180&"]" -> CS6E-1-2-[13][13] | C180: CS6E-1-2 | D180: 13 | E180: 13 | F180: =VLOOKUP(C180&"-I"&D180,端口信息表!B:F,5,FALSE) -> RS22-001-H-A | G180: =VLOOKUP(C180&"-O"&E180,端口信息表!B:F,5,FALSE) -> TK-HL-22-R-A | H180: =IF(I180="常通",1,VLOOKUP(B180,'开关组信息表（新）'!C:I,7,0)) -> 1 | I180: 常通 | J180: =IF(N180=$M$1,M180,IF(N180=$L$1,L180,K180)) -> TWT 3-Ka | K180: TWT 3-Ka | L180: TWT 4-Ka | M180: TWT 2-Ka | N180: P0 | O180: =F180&"-"&G180 -> RS22-001-H-A-TK-HL-22-R-A
A181: =ROW()-1 -> 180 | B181: =C181&"-["&D181&"]["&E181&"]" -> CS6E-1-3-[1][1] | C181: CS6E-1-3 | D181: 1 | E181: 1 | F181: =VLOOKUP(C181&"-I"&D181,端口信息表!B:F,5,FALSE) -> RK-HL-01-R-A | G181: =VLOOKUP(C181&"-O"&E181,端口信息表!B:F,5,FALSE) -> TS01-001-V-A | H181: =IF(I181="常通",1,VLOOKUP(B181,'开关组信息表（新）'!C:I,7,0)) -> 1 | I181: 常通 | J181: =IF(N181=$M$1,M181,IF(N181=$L$1,L181,K181)) -> 0 | N181: P0 | O181: =F181&"-"&G181 -> RK-HL-01-R-A-TS01-001-V-A
A182: =ROW()-1 -> 181 | B182: =C182&"-["&D182&"]["&E182&"]" -> CS6E-1-3-[2][2] | C182: CS6E-1-3 | D182: 2 | E182: 2 | F182: =VLOOKUP(C182&"-I"&D182,端口信息表!B:F,5,FALSE) -> RK-HL-02-R-A | G182: =VLOOKUP(C182&"-O"&E182,端口信息表!B:F,5,FALSE) -> TS02-001-V-A | H182: =IF(I182="常通",1,VLOOKUP(B182,'开关组信息表（新）'!C:I,7,0)) -> 1 | I182: 常通 | J182: =IF(N182=$M$1,M182,IF(N182=$L$1,L182,K182)) -> 0 | N182: P0 | O182: =F182&"-"&G182 -> RK-HL-02-R-A-TS02-001-V-A
A183: =ROW()-1 -> 182 | B183: =C183&"-["&D183&"]["&E183&"]" -> CS6E-1-3-[3][3] | C183: CS6E-1-3 | D183: 3 | E183: 3 | F183: =VLOOKUP(C183&"-I"&D183,端口信息表!B:F,5,FALSE) -> RK-HL-03-R-A | G183: =VLOOKUP(C183&"-O"&E183,端口信息表!B:F,5,FALSE) -> TS03-001-V-A | H183: =IF(I183="常通",1,VLOOKUP(B183,'开关组信息表（新）'!C:I,7,0)) -> 1 | I183: 常通 | J183: =IF(N183=$M$1,M183,IF(N183=$L$1,L183,K183)) -> 0 | N183: P0 | O183: =F183&"-"&G183 -> RK-HL-03-R-A-TS03-001-V-A
A184: =ROW()-1 -> 183 | B184: =C184&"-["&D184&"]["&E184&"]" -> CS6E-1-3-[4][4] | C184: CS6E-1-3 | D184: 4 | E184: 4 | F184: =VLOOKUP(C184&"-I"&D184,端口信息表!B:F,5,FALSE) -> RK-HL-04-L-A | G184: =VLOOKUP(C184&"-O"&E184,端口信息表!B:F,5,FALSE) -> TS04-001-V-A | H184: =IF(I184="常通",1,VLOOKUP(B184,'开关组信息表（新）'!C:I,7,0)) -> 1 | I184: 常通 | J184: =IF(N184=$M$1,M184,IF(N184=$L$1,L184,K184)) -> 0 | N184: P0 | O184: =F184&"-"&G184 -> RK-HL-04-L-A-TS04-001-V-A
A185: =ROW()-1 -> 184 | B185: =C185&"-["&D185&"]["&E185&"]" -> CS6E-1-3-[5][5] | C185: CS6E-1-3 | D185: 5 | E185: 5 | F185: =VLOOKUP(C185&"-I"&D185,端口信息表!B:F,5,FALSE) -> RK-HL-05-L-A | G185: =VLOOKUP(C185&"-O"&E185,端口信息表!B:F,5,FALSE) -> TS05-001-H-A | H185: =IF(I185="常通",1,VLOOKUP(B185,'开关组信息表（新）'!C:I,7,0)) -> 1 | I185: 常通 | J185: =IF(N185=$M$1,M185,IF(N185=$L$1,L185,K185)) -> 0 | N185: P0 | O185: =F185&"-"&G185 -> RK-HL-05-L-A-TS05-001-H-A
A186: =ROW()-1 -> 185 | B186: =C186&"-["&D186&"]["&E186&"]" -> CS6E-1-3-[6][6] | C186: CS6E-1-3 | D186: 6 | E186: 6 | F186: =VLOOKUP(C186&"-I"&D186,端口信息表!B:F,5,FALSE) -> RK-HL-06-R-A | G186: =VLOOKUP(C186&"-O"&E186,端口信息表!B:F,5,FALSE) -> TS06-001-V-A | H186: =IF(I186="常通",1,VLOOKUP(B186,'开关组信息表（新）'!C:I,7,0)) -> 1 | I186: 常通 | J186: =IF(N186=$M$1,M186,IF(N186=$L$1,L186,K186)) -> 0 | N186: P0 | O186: =F186&"-"&G186 -> RK-HL-06-R-A-TS06-001-V-A
A187: =ROW()-1 -> 186 | B187: =C187&"-["&D187&"]["&E187&"]" -> CS6E-1-3-[7][7] | C187: CS6E-1-3 | D187: 7 | E187: 7 | F187: =VLOOKUP(C187&"-I"&D187,端口信息表!B:F,5,FALSE) -> RK-HL-07-L-A | G187: =VLOOKUP(C187&"-O"&E187,端口信息表!B:F,5,FALSE) -> TS07-001-V-A | H187: =IF(I187="常通",1,VLOOKUP(B187,'开关组信息表（新）'!C:I,7,0)) -> 1 | I187: 常通 | J187: =IF(N187=$M$1,M187,IF(N187=$L$1,L187,K187)) -> 0 | N187: P0 | O187: =F187&"-"&G187 -> RK-HL-07-L-A-TS07-001-V-A
A188: =ROW()-1 -> 187 | B188: =C188&"-["&D188&"]["&E188&"]" -> CS6E-1-3-[8][8] | C188: CS6E-1-3 | D188: 8 | E188: 8 | F188: =VLOOKUP(C188&"-I"&D188,端口信息表!B:F,5,FALSE) -> RK-HL-08-L-A | G188: =VLOOKUP(C188&"-O"&E188,端口信息表!B:F,5,FALSE) -> TS08-001-V-A | H188: =IF(I188="常通",1,VLOOKUP(B188,'开关组信息表（新）'!C:I,7,0)) -> 1 | I188: 常通 | J188: =IF(N188=$M$1,M188,IF(N188=$L$1,L188,K188)) -> 0 | N188: P0 | O188: =F188&"-"&G188 -> RK-HL-08-L-A-TS08-001-V-A
A189: =ROW()-1 -> 188 | B189: =C189&"-["&D189&"]["&E189&"]" -> CS6E-1-3-[9][9] | C189: CS6E-1-3 | D189: 9 | E189: 9 | F189: =VLOOKUP(C189&"-I"&D189,端口信息表!B:F,5,FALSE) -> RK-HL-16-R-A | G189: =VLOOKUP(C189&"-O"&E189,端口信息表!B:F,5,FALSE) -> TS16-001-V-A | H189: =IF(I189="常通",1,VLOOKUP(B189,'开关组信息表（新）'!C:I,7,0)) -> 1 | I189: 常通 | J189: =IF(N189=$M$1,M189,IF(N189=$L$1,L189,K189)) -> 0 | N189: P0 | O189: =F189&"-"&G189 -> RK-HL-16-R-A-TS16-001-V-A
A190: =ROW()-1 -> 189 | B190: =C190&"-["&D190&"]["&E190&"]" -> CS6E-1-3-[10][10] | C190: CS6E-1-3 | D190: 10 | E190: 10 | F190: =VLOOKUP(C190&"-I"&D190,端口信息表!B:F,5,FALSE) -> RK-HL-23-R-A | G190: =VLOOKUP(C190&"-O"&E190,端口信息表!B:F,5,FALSE) -> TS23-001-V-A | H190: =IF(I190="常通",1,VLOOKUP(B190,'开关组信息表（新）'!C:I,7,0)) -> 1 | I190: 常通 | J190: =IF(N190=$M$1,M190,IF(N190=$L$1,L190,K190)) -> 0 | N190: P0 | O190: =F190&"-"&G190 -> RK-HL-23-R-A-TS23-001-V-A
A191: =ROW()-1 -> 190 | B191: =C191&"-["&D191&"]["&E191&"]" -> CS6E-1-3-[11][11] | C191: CS6E-1-3 | D191: 11 | E191: 11 | F191: =VLOOKUP(C191&"-I"&D191,端口信息表!B:F,5,FALSE) -> RK-HL-24-R-A | G191: =VLOOKUP(C191&"-O"&E191,端口信息表!B:F,5,FALSE) -> TS24-001-V-A | H191: =IF(I191="常通",1,VLOOKUP(B191,'开关组信息表（新）'!C:I,7,0)) -> 1 | I191: 常通 | J191: =IF(N191=$M$1,M191,IF(N191=$L$1,L191,K191)) -> 0 | N191: P0 | O191: =F191&"-"&G191 -> RK-HL-24-R-A-TS24-001-V-A
A192: =ROW()-1 -> 191 | B192: =C192&"-["&D192&"]["&E192&"]" -> CS6E-1-4-[1][1] | C192: CS6E-1-4 | D192: 1 | E192: 1 | F192: =VLOOKUP(C192&"-I"&D192,端口信息表!B:F,5,FALSE) -> RS01-001-H-A | G192: =VLOOKUP(C192&"-O"&E192,端口信息表!B:F,5,FALSE) -> TK-HL-01-L-A | H192: =IF(I192="常通",1,VLOOKUP(B192,'开关组信息表（新）'!C:I,7,0)) -> 1 | I192: 常通 | J192: =IF(N192=$M$1,M192,IF(N192=$L$1,L192,K192)) -> TWT 2-Ka | K192: TWT 2-Ka | L192: TWT 1-Ka | M192: TWT 3-Ka | N192: P0 | O192: =F192&"-"&G192 -> RS01-001-H-A-TK-HL-01-L-A
A193: =ROW()-1 -> 192 | B193: =C193&"-["&D193&"]["&E193&"]" -> CS6E-1-4-[2][2] | C193: CS6E-1-4 | D193: 2 | E193: 2 | F193: =VLOOKUP(C193&"-I"&D193,端口信息表!B:F,5,FALSE) -> RS02-001-H-A | G193: =VLOOKUP(C193&"-O"&E193,端口信息表!B:F,5,FALSE) -> TK-HL-02-L-A | H193: =IF(I193="常通",1,VLOOKUP(B193,'开关组信息表（新）'!C:I,7,0)) -> 1 | I193: 常通 | J193: =IF(N193=$M$1,M193,IF(N193=$L$1,L193,K193)) -> TWT 2-Ka | K193: TWT 2-Ka | L193: TWT 1-Ka | M193: TWT 3-Ka | N193: P0 | O193: =F193&"-"&G193 -> RS02-001-H-A-TK-HL-02-L-A
A194: =ROW()-1 -> 193 | B194: =C194&"-["&D194&"]["&E194&"]" -> CS6E-1-4-[3][3] | C194: CS6E-1-4 | D194: 3 | E194: 3 | F194: =VLOOKUP(C194&"-I"&D194,端口信息表!B:F,5,FALSE) -> RS03-001-H-A | G194: =VLOOKUP(C194&"-O"&E194,端口信息表!B:F,5,FALSE) -> TK-HL-03-L-A | H194: =IF(I194="常通",1,VLOOKUP(B194,'开关组信息表（新）'!C:I,7,0)) -> 1 | I194: 常通 | J194: =IF(N194=$M$1,M194,IF(N194=$L$1,L194,K194)) -> TWT 2-Ka | K194: TWT 2-Ka | L194: TWT 1-Ka | M194: TWT 3-Ka | N194: P0 | O194: =F194&"-"&G194 -> RS03-001-H-A-TK-HL-03-L-A
A195: =ROW()-1 -> 194 | B195: =C195&"-["&D195&"]["&E195&"]" -> CS6E-1-4-[4][4] | C195: CS6E-1-4 | D195: 4 | E195: 4 | F195: =VLOOKUP(C195&"-I"&D195,端口信息表!B:F,5,FALSE) -> RS04-001-H-A | G195: =VLOOKUP(C195&"-O"&E195,端口信息表!B:F,5,FALSE) -> TK-HL-04-R-A | H195: =IF(I195="常通",1,VLOOKUP(B195,'开关组信息表（新）'!C:I,7,0)) -> 1 | I195: 常通 | J195: =IF(N195=$M$1,M195,IF(N195=$L$1,L195,K195)) -> TWT 3-Ka | K195: TWT 3-Ka | L195: TWT 4-Ka | M195: TWT 2-Ka | N195: P0 | O195: =F195&"-"&G195 -> RS04-001-H-A-TK-HL-04-R-A
A196: =ROW()-1 -> 195 | B196: =C196&"-["&D196&"]["&E196&"]" -> CS6E-1-4-[5][5] | C196: CS6E-1-4 | D196: 5 | E196: 5 | F196: =VLOOKUP(C196&"-I"&D196,端口信息表!B:F,5,FALSE) -> RS05-001-V-A | G196: =VLOOKUP(C196&"-O"&E196,端口信息表!B:F,5,FALSE) -> TK-HL-05-R-A | H196: =IF(I196="常通",1,VLOOKUP(B196,'开关组信息表（新）'!C:I,7,0)) -> 1 | I196: 常通 | J196: =IF(N196=$M$1,M196,IF(N196=$L$1,L196,K196)) -> TWT 3-Ka | K196: TWT 3-Ka | L196: TWT 4-Ka | M196: TWT 2-Ka | N196: P0 | O196: =F196&"-"&G196 -> RS05-001-V-A-TK-HL-05-R-A
A197: =ROW()-1 -> 196 | B197: =C197&"-["&D197&"]["&E197&"]" -> CS6E-1-4-[6][6] | C197: CS6E-1-4 | D197: 6 | E197: 6 | F197: =VLOOKUP(C197&"-I"&D197,端口信息表!B:F,5,FALSE) -> RS06-001-H-A | G197: =VLOOKUP(C197&"-O"&E197,端口信息表!B:F,5,FALSE) -> TK-HL-06-L-A | H197: =IF(I197="常通",1,VLOOKUP(B197,'开关组信息表（新）'!C:I,7,0)) -> 1 | I197: 常通 | J197: =IF(N197=$M$1,M197,IF(N197=$L$1,L197,K197)) -> TWT 2-Ka | K197: TWT 2-Ka | L197: TWT 1-Ka | M197: TWT 3-Ka | N197: P0 | O197: =F197&"-"&G197 -> RS06-001-H-A-TK-HL-06-L-A
A198: =ROW()-1 -> 197 | B198: =C198&"-["&D198&"]["&E198&"]" -> CS6E-1-4-[7][7] | C198: CS6E-1-4 | D198: 7 | E198: 7 | F198: =VLOOKUP(C198&"-I"&D198,端口信息表!B:F,5,FALSE) -> RS07-001-H-A | G198: =VLOOKUP(C198&"-O"&E198,端口信息表!B:F,5,FALSE) -> TK-HL-07-R-A | H198: =IF(I198="常通",1,VLOOKUP(B198,'开关组信息表（新）'!C:I,7,0)) -> 1 | I198: 常通 | J198: =IF(N198=$M$1,M198,IF(N198=$L$1,L198,K198)) -> TWT 3-Ka | K198: TWT 3-Ka | L198: TWT 4-Ka | M198: TWT 2-Ka | N198: P0 | O198: =F198&"-"&G198 -> RS07-001-H-A-TK-HL-07-R-A
A199: =ROW()-1 -> 198 | B199: =C199&"-["&D199&"]["&E199&"]" -> CS6E-1-4-[8][8] | C199: CS6E-1-4 | D199: 8 | E199: 8 | F199: =VLOOKUP(C199&"-I"&D199,端口信息表!B:F,5,FALSE) -> RS08-001-H-A | G199: =VLOOKUP(C199&"-O"&E199,端口信息表!B:F,5,FALSE) -> TK-HL-08-R-A | H199: =IF(I199="常通",1,VLOOKUP(B199,'开关组信息表（新）'!C:I,7,0)) -> 1 | I199: 常通 | J199: =IF(N199=$M$1,M199,IF(N199=$L$1,L199,K199)) -> TWT 3-Ka | K199: TWT 3-Ka | L199: TWT 4-Ka | M199: TWT 2-Ka | N199: P0 | O199: =F199&"-"&G199 -> RS08-001-H-A-TK-HL-08-R-A
A200: =ROW()-1 -> 199 | B200: =C200&"-["&D200&"]["&E200&"]" -> CS6E-1-4-[9][9] | C200: CS6E-1-4 | D200: 9 | E200: 9 | F200: =VLOOKUP(C200&"-I"&D200,端口信息表!B:F,5,FALSE) -> RS16-001-H-A | G200: =VLOOKUP(C200&"-O"&E200,端口信息表!B:F,5,FALSE) -> TK-HL-16-L-A | H200: =IF(I200="常通",1,VLOOKUP(B200,'开关组信息表（新）'!C:I,7,0)) -> 1 | I200: 常通 | J200: =IF(N200=$M$1,M200,IF(N200=$L$1,L200,K200)) -> TWT 2-Ka | K200: TWT 2-Ka | L200: TWT 1-Ka | M200: TWT 3-Ka | N200: P0 | O200: =F200&"-"&G200 -> RS16-001-H-A-TK-HL-16-L-A
A201: =ROW()-1 -> 200 | B201: =C201&"-["&D201&"]["&E201&"]" -> CS6E-1-4-[10][10] | C201: CS6E-1-4 | D201: 10 | E201: 10 | F201: =VLOOKUP(C201&"-I"&D201,端口信息表!B:F,5,FALSE) -> RS23-001-H-A | G201: =VLOOKUP(C201&"-O"&E201,端口信息表!B:F,5,FALSE) -> TK-HL-23-L-A | H201: =IF(I201="常通",1,VLOOKUP(B201,'开关组信息表（新）'!C:I,7,0)) -> 1 | I201: 常通 | J201: =IF(N201=$M$1,M201,IF(N201=$L$1,L201,K201)) -> TWT 2-Ka | K201: TWT 2-Ka | L201: TWT 1-Ka | M201: TWT 3-Ka | N201: P0 | O201: =F201&"-"&G201 -> RS23-001-H-A-TK-HL-23-L-A
A202: =ROW()-1 -> 201 | B202: =C202&"-["&D202&"]["&E202&"]" -> CS6E-1-4-[11][11] | C202: CS6E-1-4 | D202: 11 | E202: 11 | F202: =VLOOKUP(C202&"-I"&D202,端口信息表!B:F,5,FALSE) -> RS24-001-H-A | G202: =VLOOKUP(C202&"-O"&E202,端口信息表!B:F,5,FALSE) -> TK-HL-24-L-A | H202: =IF(I202="常通",1,VLOOKUP(B202,'开关组信息表（新）'!C:I,7,0)) -> 1 | I202: 常通 | J202: =IF(N202=$M$1,M202,IF(N202=$L$1,L202,K202)) -> TWT 2-Ka | K202: TWT 2-Ka | L202: TWT 1-Ka | M202: TWT 3-Ka | N202: P0 | O202: =F202&"-"&G202 -> RS24-001-H-A-TK-HL-24-L-A
A203: =ROW()-1 -> 202 | B203: =C203&"-["&D203&"]["&E203&"]" -> CS6E-1-5-[1][1] | C203: CS6E-1-5 | D203: 1 | E203: 1 | F203: =VLOOKUP(C203&"-I"&D203,端口信息表!B:F,5,FALSE) -> RC1A | G203: =VLOOKUP(C203&"-O"&E203,端口信息表!B:F,5,FALSE) -> TA1A | H203: =IF(I203="常通",1,VLOOKUP(B203,'开关组信息表（新）'!C:I,7,0)) -> 1 | I203: 可切 | J203: =IF(N203=$M$1,M203,IF(N203=$L$1,L203,K203)) -> TWT 1-C | K203: TWT 1-C | L203: TWT 2-C | M203: TWT 3-C | N203: P0 | O203: =F203&"-"&G203 -> RC1A-TA1A
... A248: =ROW()-1 -> 247 | B248: =C248&"-["&D248&"]["&E248&"]" -> CS6E-1-5-[46][23] | C248: CS6E-1-5 | D248: 46 | E248: 23 | F248: =VLOOKUP(C248&"-I"&D248,端口信息表!B:F,5,FALSE) -> RN11B | G248: =VLOOKUP(C248&"-O"&E248,端口信息表!B:F,5,FALSE) -> TA11B | H248: =IF(I248="常通",1,VLOOKUP(B248,'开关组信息表（新）'!C:I,7,0)) -> 1 | I248: 可切 | J248: =IF(N248=$M$1,M248,IF(N248=$L$1,L248,K248)) -> TWT 26-C | K248: TWT 26-C | L248: TWT 22-C | M248: TWT 25-C | N248: P0 | O248: =F248&"-"&G248 -> RN11B-TA11B
A249: =ROW()-1 -> 248 | B249: =C249&"-["&D249&"]["&E249&"]" -> CS26-1-1-[1][1] | C249: CS26-1-1 | D249: 1 | E249: 1 | F249: =VLOOKUP(C249&"-I"&D249,端口信息表!B:F,5,FALSE) -> RD2L | G249: =VLOOKUP(C249&"-O"&E249,端口信息表!B:F,5,FALSE) -> TY2R | H249: =IF(I249="常通",1,VLOOKUP(B249,'开关组信息表（新）'!C:I,7,0)) -> 1 | I249: 常通 | J249: =IF(N249=$M$1,M249,IF(N249=$L$1,L249,K249)) -> 0 | O249: =F249&"-"&G249 -> RD2L-TY2R
A250: =ROW()-1 -> 249 | B250: =C250&"-["&D250&"]["&E250&"]" -> CS26-1-1-[2][2] | C250: CS26-1-1 | D250: 2 | E250: 2 | F250: =VLOOKUP(C250&"-I"&D250,端口信息表!B:F,5,FALSE) -> RD5L | G250: =VLOOKUP(C250&"-O"&E250,端口信息表!B:F,5,FALSE) -> TY5R | H250: =IF(I250="常通",1,VLOOKUP(B250,'开关组信息表（新）'!C:I,7,0)) -> 1 | I250: 常通 | J250: =IF(N250=$M$1,M250,IF(N250=$L$1,L250,K250)) -> 0 | O250: =F250&"-"&G250 -> RD5L-TY5R
A251: =ROW()-1 -> 250 | B251: =C251&"-["&D251&"]["&E251&"]" -> CS26-1-1-[3][3] | C251: CS26-1-1 | D251: 3 | E251: 3 | F251: =VLOOKUP(C251&"-I"&D251,端口信息表!B:F,5,FALSE) -> RD18L | G251: =VLOOKUP(C251&"-O"&E251,端口信息表!B:F,5,FALSE) -> TY18R | H251: =IF(I251="常通",1,VLOOKUP(B251,'开关组信息表（新）'!C:I,7,0)) -> 1 | I251: 常通 | J251: =IF(N251=$M$1,M251,IF(N251=$L$1,L251,K251)) -> 0 | O251: =F251&"-"&G251 -> RD18L-TY18R
A252: =ROW()-1 -> 251 | B252: =C252&"-["&D252&"]["&E252&"]" -> CS26-1-1-[4][4] | C252: CS26-1-1 | D252: 4 | E252: 4 | F252: =VLOOKUP(C252&"-I"&D252,端口信息表!B:F,5,FALSE) -> RD33L | G252: =VLOOKUP(C252&"-O"&E252,端口信息表!B:F,5,FALSE) -> TY33R | H252: =IF(I252="常通",1,VLOOKUP(B252,'开关组信息表（新）'!C:I,7,0)) -> 1 | I252: 常通 | J252: =IF(N252=$M$1,M252,IF(N252=$L$1,L252,K252)) -> 0 | O252: =F252&"-"&G252 -> RD33L-TY33R
A253: =ROW()-1 -> 252 | B253: =C253&"-["&D253&"]["&E253&"]" -> CS26-1-1-[5][5] | C253: CS26-1-1 | D253: 5 | E253: 5 | F253: =VLOOKUP(C253&"-I"&D253,端口信息表!B:F,5,FALSE) -> RD11R | G253: =VLOOKUP(C253&"-O"&E253,端口信息表!B:F,5,FALSE) -> TY11L | H253: =IF(I253="常通",1,VLOOKUP(B253,'开关组信息表（新）'!C:I,7,0)) -> 1 | I253: 常通 | J253: =IF(N253=$M$1,M253,IF(N253=$L$1,L253,K253)) -> 0 | O253: =F253&"-"&G253 -> RD11R-TY11L
A254: =ROW()-1 -> 253 | B254: =C254&"-["&D254&"]["&E254&"]" -> CS26-1-1-[6][6] | C254: CS26-1-1 | D254: 6 | E254: 6 | F254: =VLOOKUP(C254&"-I"&D254,端口信息表!B:F,5,FALSE) -> RD24R | G254: =VLOOKUP(C254&"-O"&E254,端口信息表!B:F,5,FALSE) -> TY24L | H254: =IF(I254="常通",1,VLOOKUP(B254,'开关组信息表（新）'!C:I,7,0)) -> 1 | I254: 常通 | J254: =IF(N254=$M$1,M254,IF(N254=$L$1,L254,K254)) -> 0 | O254: =F254&"-"&G254 -> RD24R-TY24L
A255: =ROW()-1 -> 254 | B255: =C255&"-["&D255&"]["&E255&"]" -> CS26-1-1-[7][7] | C255: CS26-1-1 | D255: 7 | E255: 7 | F255: =VLOOKUP(C255&"-I"&D255,端口信息表!B:F,5,FALSE) -> RD27R | G255: =VLOOKUP(C255&"-O"&E255,端口信息表!B:F,5,FALSE) -> TY27L | H255: =IF(I255="常通",1,VLOOKUP(B255,'开关组信息表（新）'!C:I,7,0)) -> 1 | I255: 常通 | J255: =IF(N255=$M$1,M255,IF(N255=$L$1,L255,K255)) -> 0 | O255: =F255&"-"&G255 -> RD27R-TY27L
A256: =ROW()-1 -> 255 | B256: =C256&"-["&D256&"]["&E256&"]" -> CS26-1-1-[8][8] | C256: CS26-1-1 | D256: 8 | E256: 8 | F256: =VLOOKUP(C256&"-I"&D256,端口信息表!B:F,5,FALSE) -> RD39R | G256: =VLOOKUP(C256&"-O"&E256,端口信息表!B:F,5,FALSE) -> TY39L | H256: =IF(I256="常通",1,VLOOKUP(B256,'开关组信息表（新）'!C:I,7,0)) -> 1 | I256: 常通 | J256: =IF(N256=$M$1,M256,IF(N256=$L$1,L256,K256)) -> 0 | O256: =F256&"-"&G256 -> RD39R-TY39L
A257: =ROW()-1 -> 256 | B257: =C257&"-["&D257&"]["&E257&"]" -> CS26-1-2-[1][1] | C257: CS26-1-2 | D257: 1 | E257: 1 | F257: =VLOOKUP(C257&"-I"&D257,端口信息表!B:F,5,FALSE) -> RY11R | G257: =VLOOKUP(C257&"-O"&E257,端口信息表!B:F,5,FALSE) -> TD11L | H257: =IF(I257="常通",1,VLOOKUP(B257,'开关组信息表（新）'!C:I,7,0)) -> 1 | I257: 常通 | J257: =IF(N257=$M$1,M257,IF(N257=$L$1,L257,K257)) -> 0 | O257: =F257&"-"&G257 -> RY11R-TD11L
A258: =ROW()-1 -> 257 | B258: =C258&"-["&D258&"]["&E258&"]" -> CS26-1-2-[2][2] | C258: CS26-1-2 | D258: 2 | E258: 2 | F258: =VLOOKUP(C258&"-I"&D258,端口信息表!B:F,5,FALSE) -> RY24R | G258: =VLOOKUP(C258&"-O"&E258,端口信息表!B:F,5,FALSE) -> TD24L | H258: =IF(I258="常通",1,VLOOKUP(B258,'开关组信息表（新）'!C:I,7,0)) -> 1 | I258: 常通 | J258: =IF(N258=$M$1,M258,IF(N258=$L$1,L258,K258)) -> 0 | O258: =F258&"-"&G258 -> RY24R-TD24L
A259: =ROW()-1 -> 258 | B259: =C259&"-["&D259&"]["&E259&"]" -> CS26-1-2-[3][3] | C259: CS26-1-2 | D259: 3 | E259: 3 | F259: =VLOOKUP(C259&"-I"&D259,端口信息表!B:F,5,FALSE) -> RY27R | G259: =VLOOKUP(C259&"-O"&E259,端口信息表!B:F,5,FALSE) -> TD27L | H259: =IF(I259="常通",1,VLOOKUP(B259,'开关组信息表（新）'!C:I,7,0)) -> 1 | I259: 常通 | J259: =IF(N259=$M$1,M259,IF(N259=$L$1,L259,K259)) -> 0 | O259: =F259&"-"&G259 -> RY27R-TD27L
A260: =ROW()-1 -> 259 | B260: =C260&"-["&D260&"]["&E260&"]" -> CS26-1-2-[4][4] | C260: CS26-1-2 | D260: 4 | E260: 4 | F260: =VLOOKUP(C260&"-I"&D260,端口信息表!B:F,5,FALSE) -> RY39R | G260: =VLOOKUP(C260&"-O"&E260,端口信息表!B:F,5,FALSE) -> TD39L | H260: =IF(I260="常通",1,VLOOKUP(B260,'开关组信息表（新）'!C:I,7,0)) -> 1 | I260: 常通 | J260: =IF(N260=$M$1,M260,IF(N260=$L$1,L260,K260)) -> 0 | O260: =F260&"-"&G260 -> RY39R-TD39L
... A750: =ROW()-1 -> 749 | B750: =C750&"-["&D750&"]["&E750&"]" -> CS12-1-4-[6][6] | C750: CS12-1-4 | D750: 6 | E750: 6 | F750: =VLOOKUP(C750&"-I"&D750,端口信息表!B:F,5,FALSE) -> REM19V | G750: =VLOOKUP(C750&"-O"&E750,端口信息表!B:F,5,FALSE) -> TEM19H | H750: =IF(I750="常通",1,VLOOKUP(B750,'开关组信息表（新）'!C:I,7,0)) -> 1 | I750: 常通 | J750: =IF(N750=$M$1,M750,IF(N750=$L$1,L750,K750)) -> 0 | O750: =F750&"-"&G750 -> REM19V-TEM19H
A751: =ROW()-1 -> 750 | B751: =C751&"-["&D751&"]["&E751&"]" -> CS19-1-1-[1][1] | C751: CS19-1-1 | D751: 1 | E751: 1 | F751: =VLOOKUP(C751&"-I"&D751,端口信息表!B:F,5,FALSE) -> RWC1R | G751: =VLOOKUP(C751&"-O"&E751,端口信息表!B:F,5,FALSE) -> TWC1L | H751: =IF(I751="常通",1,VLOOKUP(B751,'开关组信息表（新）'!C:I,7,0)) -> 1 | I751: 常通 | J751: =IF(N751=$M$1,M751,IF(N751=$L$1,L751,K751)) -> TWT 1-C | K751: TWT 1-C | L751: TWT 2-C | M751: TWT 3-C | N751: P0 | O751: =F751&"-"&G751 -> RWC1R-TWC1L
A752: =ROW()-1 -> 751 | B752: =C752&"-["&D752&"]["&E752&"]" -> CS19-1-1-[2][2] | C752: CS19-1-1 | D752: 2 | E752: 2 | F752: =VLOOKUP(C752&"-I"&D752,端口信息表!B:F,5,FALSE) -> RWC2R | G752: =VLOOKUP(C752&"-O"&E752,端口信息表!B:F,5,FALSE) -> TWC2L | H752: =IF(I752="常通",1,VLOOKUP(B752,'开关组信息表（新）'!C:I,7,0)) -> 1 | I752: 常通 | J752: =IF(N752=$M$1,M752,IF(N752=$L$1,L752,K752)) -> TWT 3-C | K752: TWT 3-C | L752: TWT 4-C | M752: TWT 2-C | N752: P0 | O752: =F752&"-"&G752 -> RWC2R-TWC2L
A753: =ROW()-1 -> 752 | B753: =C753&"-["&D753&"]["&E753&"]" -> CS19-1-2-[1][1] | C753: CS19-1-2 | D753: 1 | E753: 1 | F753: =VLOOKUP(C753&"-I"&D753,端口信息表!B:F,5,FALSE) -> RAKu1V | G753: =VLOOKUP(C753&"-O"&E753,端口信息表!B:F,5,FALSE) -> TCKu1H | H753: =IF(I753="常通",1,VLOOKUP(B753,'开关组信息表（新）'!C:I,7,0)) -> 1 | I753: 常通 | J753: =IF(N753=$M$1,M753,IF(N753=$L$1,L753,K753)) -> TWT 8-Ku | K753: TWT 8-Ku | L753: TWT 9-Ku | M753: TWT 10-Ku | N753: P0 | O753: =F753&"-"&G753 -> RAKu1V-TCKu1H
A754: =ROW()-1 -> 753 | B754: =C754&"-["&D754&"]["&E754&"]" -> CS19-1-2-[2][2] | C754: CS19-1-2 | D754: 2 | E754: 2 | F754: =VLOOKUP(C754&"-I"&D754,端口信息表!B:F,5,FALSE) -> RAKu2V | G754: =VLOOKUP(C754&"-O"&E754,端口信息表!B:F,5,FALSE) -> TDKu2H | H754: =IF(I754="常通",1,VLOOKUP(B754,'开关组信息表（新）'!C:I,7,0)) -> 1 | I754: 常通 | J754: =IF(N754=$M$1,M754,IF(N754=$L$1,L754,K754)) -> TWT 10-Ku | K754: TWT 10-Ku | L754: TWT 9-Ku | M754: TWT 8-Ku | N754: P0 | O754: =F754&"-"&G754 -> RAKu2V-TDKu2H
A755: =ROW()-1 -> 754 | B755: =C755&"-["&D755&"]["&E755&"]" -> CS19-1-2-[3][3] | C755: CS19-1-2 | D755: 3 | E755: 3 | F755: =VLOOKUP(C755&"-I"&D755,端口信息表!B:F,5,FALSE) -> RCKu3V | G755: =VLOOKUP(C755&"-O"&E755,端口信息表!B:F,5,FALSE) -> TAKu3H | H755: =IF(I755="常通",1,VLOOKUP(B755,'开关组信息表（新）'!C:I,7,0)) -> 1 | I755: 常通 | J755: =IF(N755=$M$1,M755,IF(N755=$L$1,L755,K755)) -> TWT 2-Ku | K755: TWT 2-Ku | L755: TWT 6-Ku | M755: TWT 3-Ku | N755: P0 | O755: =F755&"-"&G755 -> RCKu3V-TAKu3H
A756: =ROW()-1 -> 755 | B756: =C756&"-["&D756&"]["&E756&"]" -> CS19-1-2-[4][4] | C756: CS19-1-2 | D756: 4 | E756: 4 | F756: =VLOOKUP(C756&"-I"&D756,端口信息表!B:F,5,FALSE) -> RDKu4V | G756: =VLOOKUP(C756&"-O"&E756,端口信息表!B:F,5,FALSE) -> TAKu4H | H756: =IF(I756="常通",1,VLOOKUP(B756,'开关组信息表（新）'!C:I,7,0)) -> 1 | I756: 常通 | J756: =IF(N756=$M$1,M756,IF(N756=$L$1,L756,K756)) -> TWT 3-Ku | K756: TWT 3-Ku | L756: TWT 6-Ku | M756: TWT 2-Ku | N756: P0 | O756: =F756&"-"&G756 -> RDKu4V-TAKu4H
A757: =ROW()-1 -> 756 | B757: =C757&"-["&D757&"]["&E757&"]" -> CS19-1-2-[5][5] | C757: CS19-1-2 | D757: 5 | E757: 5 | F757: =VLOOKUP(C757&"-I"&D757,端口信息表!B:F,5,FALSE) -> RAKu8H | G757: =VLOOKUP(C757&"-O"&E757,端口信息表!B:F,5,FALSE) -> TBKu8V | H757: =IF(I757="常通",1,VLOOKUP(B757,'开关组信息表（新）'!C:I,7,0)) -> 1 | I757: 常通 | J757: =IF(N757=$M$1,M757,IF(N757=$L$1,L757,K757)) -> TWT 16-Ku | K757: TWT 16-Ku | L757: TWT 1-Ku | M757: TWT 2-Ku | N757: P0 | O757: =F757&"-"&G757 -> RAKu8H-TBKu8V
A758: =ROW()-1 -> 757 | B758: =C758&"-["&D758&"]["&E758&"]" -> CS19-1-2-[6][6] | C758: CS19-1-2 | D758: 6 | E758: 6 | F758: =VLOOKUP(C758&"-I"&D758,端口信息表!B:F,5,FALSE) -> RAKu9H | G758: =VLOOKUP(C758&"-O"&E758,端口信息表!B:F,5,FALSE) -> TAKu9V | H758: =IF(I758="常通",1,VLOOKUP(B758,'开关组信息表（新）'!C:I,7,0)) -> 1 | I758: 常通 | J758: =IF(N758=$M$1,M758,IF(N758=$L$1,L758,K758)) -> TWT 11-Ku | K758: TWT 11-Ku | L758: TWT 6-Ku | M758: TWT 12-Ku | N758: P0 | O758: =F758&"-"&G758 -> RAKu9H-TAKu9V
A759: =ROW()-1 -> 758 | B759: =C759&"-["&D759&"]["&E759&"]" -> CS19-1-2-[7][7] | C759: CS19-1-2 | D759: 7 | E759: 7 | F759: =VLOOKUP(C759&"-I"&D759,端口信息表!B:F,5,FALSE) -> RBKu10H | G759: =VLOOKUP(C759&"-O"&E759,端口信息表!B:F,5,FALSE) -> TAKu10V | H759: =IF(I759="常通",1,VLOOKUP(B759,'开关组信息表（新）'!C:I,7,0)) -> 1 | I759: 常通 | J759: =IF(N759=$M$1,M759,IF(N759=$L$1,L759,K759)) -> TWT 12-Ku | K759: TWT 12-Ku | L759: TWT 9-Ku | M759: TWT 13-Ku | N759: P0 | O759: =F759&"-"&G759 -> RBKu10H-TAKu10V
A760: =ROW()-1 -> 759 | B760: =C760&"-["&D760&"]["&E760&"]" -> CS19-1-3-[1][1] | C760: CS19-1-3 | D760: 1 | E760: 1 | F760: =VLOOKUP(C760&"-I"&D760,端口信息表!B:F,5,FALSE) -> RH1L | G760: =VLOOKUP(C760&"-O"&E760,端口信息表!B:F,5,FALSE) -> TY1R | H760: =IF(I760="常通",1,VLOOKUP(B760,'开关组信息表（新）'!C:I,7,0)) -> 1 | I760: 常通 | J760: =IF(N760=$M$1,M760,IF(N760=$L$1,L760,K760)) -> TWT 4-Ka-FT | K760: TWT 4-Ka-FT | L760: TWT 1-Ka-FT | M760: TWT 2-Ka-FT | N760: P0 | O760: =F760&"-"&G760 -> RH1L-TY1R
...

Sheet 频率块划分实时状态
A1: ID | B1: 频率块代码 | C1: 频率块代码-2 | D1: 维护备注-履约状态 | E1: 维护备注-用户 | F1: 维护备注-销售 | G1: 开关代码 | H1: 索引“开关状态” | I1: 偏移量 | J1: 占用宽度 | K1: 状态（划分P/回收R/无效N） | L1: 状态修改时间 | M1: 用途分类（出租/合作/自用/禁用） | N1: 上行起频率 | O1: 上行止频率 | P1: 下行起频率 | Q1: 下行止频率 | R1: 索引“卫星” | S1: 索引“入端口通道” | T1: 索引“出端口通道” | U1: 索引“开关通道宽度” | V1: 索引“入通道起频率” | W1: 索引“入通道止频率” | X1: 索引“出通道起频率” | Y1: 索引“出通道止频率”
A2: =ROW()-1 -> 1 | B2: =G2&"-"&"OFF"&I2&"-BW"&J2 -> CS10R-1-1-[1][1]-OFF-1-BW32 | C2: =R2&"_BW"&TEXT(O2-N2,"000.00")&"_U"&VLOOKUP(R2&"-"&S2,通道清单!C:L,5,FALSE)&LEFT("_____",5-LEN(VLOOKUP(R2&"-"&S2,通道清单!C:L,4,FALSE)))&VLOOKUP(R2&"-"&S2,通道清单!C:L,4,FALSE)&"_S"&TEXT(N2,"00000.00")&"_E"&TEXT(O2,"00000.00")&"_D"&VLOOKUP(R2&"-"&T2,通道清单!C:L,5,FALSE)&LEFT("_____",5-LEN(VLOOKUP(R2&"-"&T2,通道清单!C:L,4,FALSE)))&VLOOKUP(R2&"-"&T2,通道清单!C:L,4,FALSE)&"_S"&TEXT(P2,"00000.00")&"_E"&TEXT(Q2,"00000.00") -> CS10R_BW032.00_UH____C_S14007.00_E14039.00_DV____C_S12257.00_E12289.00 | G2: CS10R-1-1-[1][1] | H2: =VLOOKUP(G2,开关状态表!B:I,7,FALSE) -> 1 | I2: -1 | J2: 32 | K2: P | M2: 出租 | N2: =V2+I2 -> 14007 | O2: =N2+J2 -> 14039 | P2: =X2+I2 -> 12257 | Q2: =P2+J2 -> 12289 | R2: =VLOOKUP(VLOOKUP(G2,开关状态表!B:H,2,FALSE),矩阵信息表!B:H,2,FALSE) -> CS10R | S2: =VLOOKUP(G2,开关状态表!B:H,5,FALSE) -> RC1A | T2: =VLOOKUP(G2,开关状态表!B:H,6,FALSE) -> TC1A | U2: =VLOOKUP(R2&"-"&S2,通道清单!C:L,8,FALSE) -> 30 | V2: =VLOOKUP(R2&"-"&S2,通道清单!C:L,9,FALSE) -> 14008 | W2: =VLOOKUP(R2&"-"&S2,通道清单!C:L,10,FALSE) -> 14038 | X2: =VLOOKUP(R2&"-"&T2,通道清单!C:L,9,FALSE) -> 12258 | Y2: =VLOOKUP(R2&"-"&T2,通道清单!C:L,10,FALSE) -> 12288
A3: =ROW()-1 -> 2 | B3: =G3&"-"&"OFF"&I3&"-BW"&J3 -> CS10R-1-1-[2][2]-OFF-2.5-BW2.5 | C3: =R3&"_BW"&TEXT(O3-N3,"000.00")&"_U"&VLOOKUP(R3&"-"&S3,通道清单!C:L,5,FALSE)&LEFT("_____",5-LEN(VLOOKUP(R3&"-"&S3,通道清单!C:L,4,FALSE)))&VLOOKUP(R3&"-"&S3,通道清单!C:L,4,FALSE)&"_S"&TEXT(N3,"00000.00")&"_E"&TEXT(O3,"00000.00")&"_D"&VLOOKUP(R3&"-"&T3,通道清单!C:L,5,FALSE)&LEFT("_____",5-LEN(VLOOKUP(R3&"-"&T3,通道清单!C:L,4,FALSE)))&VLOOKUP(R3&"-"&T3,通道清单!C:L,4,FALSE)&"_S"&TEXT(P3,"00000.00")&"_E"&TEXT(Q3,"00000.00") -> CS10R_BW002.50_UH____C_S14040.50_E14043.00_DV____C_S12290.50_E12293.00 | G3: CS10R-1-1-[2][2] | H3: =VLOOKUP(G3,开关状态表!B:I,7,FALSE) -> 1 | I3: -2.5 | J3: 2.5 | K3: P | M3: 出租 | N3: =V3+I3 -> 14040.5 | O3: =N3+J3 -> 14043 | P3: =X3+I3 -> 12290.5 | Q3: =P3+J3 -> 12293 | R3: =VLOOKUP(VLOOKUP(G3,开关状态表!B:H,2,FALSE),矩阵信息表!B:H,2,FALSE) -> CS10R | S3: =VLOOKUP(G3,开关状态表!B:H,5,FALSE) -> RC2A | T3: =VLOOKUP(G3,开关状态表!B:H,6,FALSE) -> TC2A | U3: =VLOOKUP(R3&"-"&S3,通道清单!C:L,8,FALSE) -> 54 | V3: =VLOOKUP(R3&"-"&S3,通道清单!C:L,9,FALSE) -> 14043 | W3: =VLOOKUP(R3&"-"&S3,通道清单!C:L,10,FALSE) -> 14097 | X3: =VLOOKUP(R3&"-"&T3,通道清单!C:L,9,FALSE) -> 12293 | Y3: =VLOOKUP(R3&"-"&T3,通道清单!C:L,10,FALSE) -> 12347
A4: =ROW()-1 -> 3 | B4: =G4&"-"&"OFF"&I4&"-BW"&J4 -> CS10R-1-1-[2][2]-OFF0-BW9 | C4: =R4&"_BW"&TEXT(O4-N4,"000.00")&"_U"&VLOOKUP(R4&"-"&S4,通道清单!C:L,5,FALSE)&LEFT("_____",5-LEN(VLOOKUP(R4&"-"&S4,通道清单!C:L,4,FALSE)))&VLOOKUP(R4&"-"&S4,通道清单!C:L,4,FALSE)&"_S"&TEXT(N4,"00000.00")&"_E"&TEXT(O4,"00000.00")&"_D"&VLOOKUP(R4&"-"&T4,通道清单!C:L,5,FALSE)&LEFT("_____",5-LEN(VLOOKUP(R4&"-"&T4,通道清单!C:L,4,FALSE)))&VLOOKUP(R4&"-"&T4,通道清单!C:L,4,FALSE)&"_S"&TEXT(P4,"00000.00")&"_E"&TEXT(Q4,"00000.00") -> CS10R_BW009.00_UH____C_S14043.00_E14052.00_DV____C_S12293.00_E12302.00 | G4: CS10R-1-1-[2][2] | H4: =VLOOKUP(G4,开关状态表!B:I,7,FALSE) -> 1 | I4: 0 | J4: 9 | K4: P | M4: 出租 | N4: =V4+I4 -> 14043 | O4: =N4+J4 -> 14052 | P4: =X4+I4 -> 12293 | Q4: =P4+J4 -> 12302 | R4: =VLOOKUP(VLOOKUP(G4,开关状态表!B:H,2,FALSE),矩阵信息表!B:H,2,FALSE) -> CS10R | S4: =VLOOKUP(G4,开关状态表!B:H,5,FALSE) -> RC2A | T4: =VLOOKUP(G4,开关状态表!B:H,6,FALSE) -> TC2A | U4: =VLOOKUP(R4&"-"&S4,通道清单!C:L,8,FALSE) -> 54 | V4: =VLOOKUP(R4&"-"&S4,通道清单!C:L,9,FALSE) -> 14043 | W4: =VLOOKUP(R4&"-"&S4,通道清单!C:L,10,FALSE) -> 14097 | X4: =VLOOKUP(R4&"-"&T4,通道清单!C:L,9,FALSE) -> 12293 | Y4: =VLOOKUP(R4&"-"&T4,通道清单!C:L,10,FALSE) -> 12347
A5: =ROW()-1 -> 4 | B5: =G5&"-"&"OFF"&I5&"-BW"&J5 -> CS10R-1-1-[2][2]-OFF9-BW36 | C5: =R5&"_BW"&TEXT(O5-N5,"000.00")&"_U"&VLOOKUP(R5&"-"&S5,通道清单!C:L,5,FALSE)&LEFT("_____",5-LEN(VLOOKUP(R5&"-"&S5,通道清单!C:L,4,FALSE)))&VLOOKUP(R5&"-"&S5,通道清单!C:L,4,FALSE)&"_S"&TEXT(N5,"00000.00")&"_E"&TEXT(O5,"00000.00")&"_D"&VLOOKUP(R5&"-"&T5,通道清单!C:L,5,FALSE)&LEFT("_____",5-LEN(VLOOKUP(R5&"-"&T5,通道清单!C:L,4,FALSE)))&VLOOKUP(R5&"-"&T5,通道清单!C:L,4,FALSE)&"_S"&TEXT(P5,"00000.00")&"_E"&TEXT(Q5,"00000.00") -> CS10R_BW036.00_UH____C_S14052.00_E14088.00_DV____C_S12302.00_E12338.00 | G5: CS10R-1-1-[2][2] | H5: =VLOOKUP(G5,开关状态表!B:I,7,FALSE) -> 1 | I5: 9 | J5: 36 | K5: P | M5: 出租 | N5: =V5+I5 -> 14052 | O5: =N5+J5 -> 14088 | P5: =X5+I5 -> 12302 | Q5: =P5+J5 -> 12338 | R5: =VLOOKUP(VLOOKUP(G5,开关状态表!B:H,2,FALSE),矩阵信息表!B:H,2,FALSE) -> CS10R | S5: =VLOOKUP(G5,开关状态表!B:H,5,FALSE) -> RC2A | T5: =VLOOKUP(G5,开关状态表!B:H,6,FALSE) -> TC2A | U5: =VLOOKUP(R5&"-"&S5,通道清单!C:L,8,FALSE) -> 54 | V5: =VLOOKUP(R5&"-"&S5,通道清单!C:L,9,FALSE) -> 14043 | W5: =VLOOKUP(R5&"-"&S5,通道清单!C:L,10,FALSE) -> 14097 | X5: =VLOOKUP(R5&"-"&T5,通道清单!C:L,9,FALSE) -> 12293 | Y5: =VLOOKUP(R5&"-"&T5,通道清单!C:L,10,FALSE) -> 12347
A6: =ROW()-1 -> 5 | B6: =G6&"-"&"OFF"&I6&"-BW"&J6 -> CS10R-1-1-[2][2]-OFF45-BW2 | C6: =R6&"_BW"&TEXT(O6-N6,"000.00")&"_U"&VLOOKUP(R6&"-"&S6,通道清单!C:L,5,FALSE)&LEFT("_____",5-LEN(VLOOKUP(R6&"-"&S6,通道清单!C:L,4,FALSE)))&VLOOKUP(R6&"-"&S6,通道清单!C:L,4,FALSE)&"_S"&TEXT(N6,"00000.00")&"_E"&TEXT(O6,"00000.00")&"_D"&VLOOKUP(R6&"-"&T6,通道清单!C:L,5,FALSE)&LEFT("_____",5-LEN(VLOOKUP(R6&"-"&T6,通道清单!C:L,4,FALSE)))&VLOOKUP(R6&"-"&T6,通道清单!C:L,4,FALSE)&"_S"&TEXT(P6,"00000.00")&"_E"&TEXT(Q6,"00000.00") -> CS10R_BW002.00_UH____C_S14088.00_E14090.00_DV____C_S12338.00_E12340.00 | G6: CS10R-1-1-[2][2] | H6: =VLOOKUP(G6,开关状态表!B:I,7,FALSE) -> 1 | I6: 45 | J6: 2 | K6: P | M6: 出租 | N6: =V6+I6 -> 14088 | O6: =N6+J6 -> 14090 | P6: =X6+I6 -> 12338 | Q6: =P6+J6 -> 12340 | R6: =VLOOKUP(VLOOKUP(G6,开关状态表!B:H,2,FALSE),矩阵信息表!B:H,2,FALSE) -> CS10R | S6: =VLOOKUP(G6,开关状态表!B:H,5,FALSE) -> RC2A | T6: =VLOOKUP(G6,开关状态表!B:H,6,FALSE) -> TC2A | U6: =VLOOKUP(R6&"-"&S6,通道清单!C:L,8,FALSE) -> 54 | V6: =VLOOKUP(R6&"-"&S6,通道清单!C:L,9,FALSE) -> 14043 | W6: =VLOOKUP(R6&"-"&S6,通道清单!C:L,10,FALSE) -> 14097 | X6: =VLOOKUP(R6&"-"&T6,通道清单!C:L,9,FALSE) -> 12293 | Y6: =VLOOKUP(R6&"-"&T6,通道清单!C:L,10,FALSE) -> 12347
A7: =ROW()-1 -> 6 | B7: CS10R-1-1-[2][2]-OFF45-BW2.5 | C7: =R7&"_BW"&TEXT(O7-N7,"000.00")&"_U"&VLOOKUP(R7&"-"&S7,通道清单!C:L,5,FALSE)&LEFT("_____",5-LEN(VLOOKUP(R7&"-"&S7,通道清单!C:L,4,FALSE)))&VLOOKUP(R7&"-"&S7,通道清单!C:L,4,FALSE)&"_S"&TEXT(N7,"00000.00")&"_E"&TEXT(O7,"00000.00")&"_D"&VLOOKUP(R7&"-"&T7,通道清单!C:L,5,FALSE)&LEFT("_____",5-LEN(VLOOKUP(R7&"-"&T7,通道清单!C:L,4,FALSE)))&VLOOKUP(R7&"-"&T7,通道清单!C:L,4,FALSE)&"_S"&TEXT(P7,"00000.00")&"_E"&TEXT(Q7,"00000.00") -> CS10R_BW000.50_UH____C_S14090.00_E14090.50_DV____C_S12340.00_E12340.50 | G7: CS10R-1-1-[2][2] | H7: 1 | I7: 47 | J7: 0.5 | K7: P | M7: 出租 | N7: =V7+I7 -> 14090 | O7: =N7+J7 -> 14090.5 | P7: =X7+I7 -> 12340 | Q7: =P7+J7 -> 12340.5 | R7: =VLOOKUP(VLOOKUP(G7,开关状态表!B:H,2,FALSE),矩阵信息表!B:H,2,FALSE) -> CS10R | S7: =VLOOKUP(G7,开关状态表!B:H,5,FALSE) -> RC2A | T7: =VLOOKUP(G7,开关状态表!B:H,6,FALSE) -> TC2A | U7: =VLOOKUP(R7&"-"&S7,通道清单!C:L,8,FALSE) -> 54 | V7: =VLOOKUP(R7&"-"&S7,通道清单!C:L,9,FALSE) -> 14043 | W7: =VLOOKUP(R7&"-"&S7,通道清单!C:L,10,FALSE) -> 14097 | X7: =VLOOKUP(R7&"-"&T7,通道清单!C:L,9,FALSE) -> 12293 | Y7: =VLOOKUP(R7&"-"&T7,通道清单!C:L,10,FALSE) -> 12347
A8: =ROW()-1 -> 7 | B8: =G8&"-"&"OFF"&I8&"-BW"&J8 -> CS10R-1-1-[2][2]-OFF47.5-BW2.5 | C8: =R8&"_BW"&TEXT(O8-N8,"000.00")&"_U"&VLOOKUP(R8&"-"&S8,通道清单!C:L,5,FALSE)&LEFT("_____",5-LEN(VLOOKUP(R8&"-"&S8,通道清单!C:L,4,FALSE)))&VLOOKUP(R8&"-"&S8,通道清单!C:L,4,FALSE)&"_S"&TEXT(N8,"00000.00")&"_E"&TEXT(O8,"00000.00")&"_D"&VLOOKUP(R8&"-"&T8,通道清单!C:L,5,FALSE)&LEFT("_____",5-LEN(VLOOKUP(R8&"-"&T8,通道清单!C:L,4,FALSE)))&VLOOKUP(R8&"-"&T8,通道清单!C:L,4,FALSE)&"_S"&TEXT(P8,"00000.00")&"_E"&TEXT(Q8,"00000.00") -> CS10R_BW002.50_UH____C_S14090.50_E14093.00_DV____C_S12340.50_E12343.00 | G8: CS10R-1-1-[2][2] | H8: =VLOOKUP(G8,开关状态表!B:I,7,FALSE) -> 1 | I8: 47.5 | J8: 2.5 | K8: P | M8: 出租 | N8: =V8+I8 -> 14090.5 | O8: =N8+J8 -> 14093 | P8: =X8+I8 -> 12340.5 | Q8: =P8+J8 -> 12343 | R8: =VLOOKUP(VLOOKUP(G8,开关状态表!B:H,2,FALSE),矩阵信息表!B:H,2,FALSE) -> CS10R | S8: =VLOOKUP(G8,开关状态表!B:H,5,FALSE) -> RC2A | T8: =VLOOKUP(G8,开关状态表!B:H,6,FALSE) -> TC2A | U8: =VLOOKUP(R8&"-"&S8,通道清单!C:L,8,FALSE) -> 54 | V8: =VLOOKUP(R8&"-"&S8,通道清单!C:L,9,FALSE) -> 14043 | W8: =VLOOKUP(R8&"-"&S8,通道清单!C:L,10,FALSE) -> 14097 | X8: =VLOOKUP(R8&"-"&T8,通道清单!C:L,9,FALSE) -> 12293 | Y8: =VLOOKUP(R8&"-"&T8,通道清单!C:L,10,FALSE) -> 12347
A9: =ROW()-1 -> 8 | B9: =G9&"-"&"OFF"&I9&"-BW"&J9 -> CS10R-1-1-[2][2]-OFF50-BW4 | C9: =R9&"_BW"&TEXT(O9-N9,"000.00")&"_U"&VLOOKUP(R9&"-"&S9,通道清单!C:L,5,FALSE)&LEFT("_____",5-LEN(VLOOKUP(R9&"-"&S9,通道清单!C:L,4,FALSE)))&VLOOKUP(R9&"-"&S9,通道清单!C:L,4,FALSE)&"_S"&TEXT(N9,"00000.00")&"_E"&TEXT(O9,"00000.00")&"_D"&VLOOKUP(R9&"-"&T9,通道清单!C:L,5,FALSE)&LEFT("_____",5-LEN(VLOOKUP(R9&"-"&T9,通道清单!C:L,4,FALSE)))&VLOOKUP(R9&"-"&T9,通道清单!C:L,4,FALSE)&"_S"&TEXT(P9,"00000.00")&"_E"&TEXT(Q9,"00000.00") -> CS10R_BW004.00_UH____C_S14093.00_E14097.00_DV____C_S12343.00_E12347.00 | G9: CS10R-1-1-[2][2] | H9: =VLOOKUP(G9,开关状态表!B:I,7,FALSE) -> 1 | I9: 50 | J9: 4 | K9: P | M9: 出租 | N9: =V9+I9 -> 14093 | O9: =N9+J9 -> 14097 | P9: =X9+I9 -> 12343 | Q9: =P9+J9 -> 12347 | R9: =VLOOKUP(VLOOKUP(G9,开关状态表!B:H,2,FALSE),矩阵信息表!B:H,2,FALSE) -> CS10R | S9: =VLOOKUP(G9,开关状态表!B:H,5,FALSE) -> RC2A | T9: =VLOOKUP(G9,开关状态表!B:H,6,FALSE) -> TC2A | U9: =VLOOKUP(R9&"-"&S9,通道清单!C:L,8,FALSE) -> 54 | V9: =VLOOKUP(R9&"-"&S9,通道清单!C:L,9,FALSE) -> 14043 | W9: =VLOOKUP(R9&"-"&S9,通道清单!C:L,10,FALSE) -> 14097 | X9: =VLOOKUP(R9&"-"&T9,通道清单!C:L,9,FALSE) -> 12293 | Y9: =VLOOKUP(R9&"-"&T9,通道清单!C:L,10,FALSE) -> 12347
A10: =ROW()-1 -> 9 | B10: =G10&"-"&"OFF"&I10&"-BW"&J10 -> CS10R-1-1-[3][3]-OFF0-BW54 | C10: =R10&"_BW"&TEXT(O10-N10,"000.00")&"_U"&VLOOKUP(R10&"-"&S10,通道清单!C:L,5,FALSE)&LEFT("_____",5-LEN(VLOOKUP(R10&"-"&S10,通道清单!C:L,4,FALSE)))&VLOOKUP(R10&"-"&S10,通道清单!C:L,4,FALSE)&"_S"&TEXT(N10,"00000.00")&"_E"&TEXT(O10,"00000.00")&"_D"&VLOOKUP(R10&"-"&T10,通道清单!C:L,5,FALSE)&LEFT("_____",5-LEN(VLOOKUP(R10&"-"&T10,通道清单!C:L,4,FALSE)))&VLOOKUP(R10&"-"&T10,通道清单!C:L,4,FALSE)&"_S"&TEXT(P10,"00000.00")&"_E"&TEXT(Q10,"00000.00") -> CS10R_BW054.00_UH____C_S14103.00_E14157.00_DV____C_S12353.00_E12407.00 | G10: CS10R-1-1-[3][3] | H10: =VLOOKUP(G10,开关状态表!B:I,7,FALSE) -> 1 | I10: 0 | J10: 54 | K10: P | M10: 出租 | N10: =V10+I10 -> 14103 | O10: =N10+J10 -> 14157 | P10: =X10+I10 -> 12353 | Q10: =P10+J10 -> 12407 | R10: =VLOOKUP(VLOOKUP(G10,开关状态表!B:H,2,FALSE),矩阵信息表!B:H,2,FALSE) -> CS10R | S10: =VLOOKUP(G10,开关状态表!B:H,5,FALSE) -> RC3A | T10: =VLOOKUP(G10,开关状态表!B:H,6,FALSE) -> TC3A | U10: =VLOOKUP(R10&"-"&S10,通道清单!C:L,8,FALSE) -> 54 | V10: =VLOOKUP(R10&"-"&S10,通道清单!C:L,9,FALSE) -> 14103 | W10: =VLOOKUP(R10&"-"&S10,通道清单!C:L,10,FALSE) -> 14157 | X10: =VLOOKUP(R10&"-"&T10,通道清单!C:L,9,FALSE) -> 12353 | Y10: =VLOOKUP(R10&"-"&T10,通道清单!C:L,10,FALSE) -> 12407
A11: =ROW()-1 -> 10 | B11: =G11&"-"&"OFF"&I11&"-BW"&J11 -> CS10R-1-1-[3][3]-OFF54-BW2 | C11: =R11&"_BW"&TEXT(O11-N11,"000.00")&"_U"&VLOOKUP(R11&"-"&S11,通道清单!C:L,5,FALSE)&LEFT("_____",5-LEN(VLOOKUP(R11&"-"&S11,通道清单!C:L,4,FALSE)))&VLOOKUP(R11&"-"&S11,通道清单!C:L,4,FALSE)&"_S"&TEXT(N11,"00000.00")&"_E"&TEXT(O11,"00000.00")&"_D"&VLOOKUP(R11&"-"&T11,通道清单!C:L,5,FALSE)&LEFT("_____",5-LEN(VLOOKUP(R11&"-"&T11,通道清单!C:L,4,FALSE)))&VLOOKUP(R11&"-"&T11,通道清单!C:L,4,FALSE)&"_S"&TEXT(P11,"00000.00")&"_E"&TEXT(Q11,"00000.00") -> CS10R_BW002.00_UH____C_S14157.00_E14159.00_DV____C_S12407.00_E12409.00 | G11: CS10R-1-1-[3][3] | H11: =VLOOKUP(G11,开关状态表!B:I,7,FALSE) -> 1 | I11: 54 | J11: 2 | K11: P | M11: 出租 | N11: =V11+I11 -> 14157 | O11: =N11+J11 -> 14159 | P11: =X11+I11 -> 12407 | Q11: =P11+J11 -> 12409 | R11: =VLOOKUP(VLOOKUP(G11,开关状态表!B:H,2,FALSE),矩阵信息表!B:H,2,FALSE) -> CS10R | S11: =VLOOKUP(G11,开关状态表!B:H,5,FALSE) -> RC3A | T11: =VLOOKUP(G11,开关状态表!B:H,6,FALSE) -> TC3A | U11: =VLOOKUP(R11&"-"&S11,通道清单!C:L,8,FALSE) -> 54 | V11: =VLOOKUP(R11&"-"&S11,通道清单!C:L,9,FALSE) -> 14103 | W11: =VLOOKUP(R11&"-"&S11,通道清单!C:L,10,FALSE) -> 14157 | X11: =VLOOKUP(R11&"-"&T11,通道清单!C:L,9,FALSE) -> 12353 | Y11: =VLOOKUP(R11&"-"&T11,通道清单!C:L,10,FALSE) -> 12407
A12: =ROW()-1 -> 11 | B12: =G12&"-"&"OFF"&I12&"-BW"&J12 -> CS10R-1-1-[4][4]-OFF0-BW54 | C12: =R12&"_BW"&TEXT(O12-N12,"000.00")&"_U"&VLOOKUP(R12&"-"&S12,通道清单!C:L,5,FALSE)&LEFT("_____",5-LEN(VLOOKUP(R12&"-"&S12,通道清单!C:L,4,FALSE)))&VLOOKUP(R12&"-"&S12,通道清单!C:L,4,FALSE)&"_S"&TEXT(N12,"00000.00")&"_E"&TEXT(O12,"00000.00")&"_D"&VLOOKUP(R12&"-"&T12,通道清单!C:L,5,FALSE)&LEFT("_____",5-LEN(VLOOKUP(R12&"-"&T12,通道清单!C:L,4,FALSE)))&VLOOKUP(R12&"-"&T12,通道清单!C:L,4,FALSE)&"_S"&TEXT(P12,"00000.00")&"_E"&TEXT(Q12,"00000.00") -> CS10R_BW054.00_UH____C_S14163.00_E14217.00_DV____C_S12413.00_E12467.00 | G12: CS10R-1-1-[4][4] | H12: =VLOOKUP(G12,开关状态表!B:I,7,FALSE) -> 1 | I12: 0 | J12: 54 | K12: P | M12: 出租 | N12: =V12+I12 -> 14163 | O12: =N12+J12 -> 14217 | P12: =X12+I12 -> 12413 | Q12: =P12+J12 -> 12467 | R12: =VLOOKUP(VLOOKUP(G12,开关状态表!B:H,2,FALSE),矩阵信息表!B:H,2,FALSE) -> CS10R | S12: =VLOOKUP(G12,开关状态表!B:H,5,FALSE) -> RC4A | T12: =VLOOKUP(G12,开关状态表!B:H,6,FALSE) -> TC4A | U12: =VLOOKUP(R12&"-"&S12,通道清单!C:L,8,FALSE) -> 54 | V12: =VLOOKUP(R12&"-"&S12,通道清单!C:L,9,FALSE) -> 14163 | W12: =VLOOKUP(R12&"-"&S12,通道清单!C:L,10,FALSE) -> 14217 | X12: =VLOOKUP(R12&"-"&T12,通道清单!C:L,9,FALSE) -> 12413 | Y12: =VLOOKUP(R12&"-"&T12,通道清单!C:L,10,FALSE) -> 12467
A13: =ROW()-1 -> 12 | B13: =G13&"-"&"OFF"&I13&"-BW"&J13 -> CS10R-1-1-[5][5]-OFF0-BW54 | C13: =R13&"_BW"&TEXT(O13-N13,"000.00")&"_U"&VLOOKUP(R13&"-"&S13,通道清单!C:L,5,FALSE)&LEFT("_____",5-LEN(VLOOKUP(R13&"-"&S13,通道清单!C:L,4,FALSE)))&VLOOKUP(R13&"-"&S13,通道清单!C:L,4,FALSE)&"_S"&TEXT(N13,"00000.00")&"_E"&TEXT(O13,"00000.00")&"_D"&VLOOKUP(R13&"-"&T13,通道清单!C:L,5,FALSE)&LEFT("_____",5-LEN(VLOOKUP(R13&"-"&T13,通道清单!C:L,4,FALSE)))&VLOOKUP(R13&"-"&T13,通道清单!C:L,4,FALSE)&"_S"&TEXT(P13,"00000.00")&"_E"&TEXT(Q13,"00000.00") -> CS10R_BW054.00_UH____C_S14223.00_E14277.00_DV____C_S12473.00_E12527.00 | G13: CS10R-1-1-[5][5] | H13: =VLOOKUP(G13,开关状态表!B:I,7,FALSE) -> 1 | I13: 0 | J13: 54 | K13: P | M13: 出租 | N13: =V13+I13 -> 14223 | O13: =N13+J13 -> 14277 | P13: =X13+I13 -> 12473 | Q13: =P13+J13 -> 12527 | R13: =VLOOKUP(VLOOKUP(G13,开关状态表!B:H,2,FALSE),矩阵信息表!B:H,2,FALSE) -> CS10R | S13: =VLOOKUP(G13,开关状态表!B:H,5,FALSE) -> RC5A | T13: =VLOOKUP(G13,开关状态表!B:H,6,FALSE) -> TC5A | U13: =VLOOKUP(R13&"-"&S13,通道清单!C:L,8,FALSE) -> 54 | V13: =VLOOKUP(R13&"-"&S13,通道清单!C:L,9,FALSE) -> 14223 | W13: =VLOOKUP(R13&"-"&S13,通道清单!C:L,10,FALSE) -> 14277 | X13: =VLOOKUP(R13&"-"&T13,通道清单!C:L,9,FALSE) -> 12473 | Y13: =VLOOKUP(R13&"-"&T13,通道清单!C:L,10,FALSE) -> 12527
A14: =ROW()-1 -> 13 | B14: =G14&"-"&"OFF"&I14&"-BW"&J14 -> CS10R-1-1-[6][6]-OFF0-BW10 | C14: =R14&"_BW"&TEXT(O14-N14,"000.00")&"_U"&VLOOKUP(R14&"-"&S14,通道清单!C:L,5,FALSE)&LEFT("_____",5-LEN(VLOOKUP(R14&"-"&S14,通道清单!C:L,4,FALSE)))&VLOOKUP(R14&"-"&S14,通道清单!C:L,4,FALSE)&"_S"&TEXT(N14,"00000.00")&"_E"&TEXT(O14,"00000.00")&"_D"&VLOOKUP(R14&"-"&T14,通道清单!C:L,5,FALSE)&LEFT("_____",5-LEN(VLOOKUP(R14&"-"&T14,通道清单!C:L,4,FALSE)))&VLOOKUP(R14&"-"&T14,通道清单!C:L,4,FALSE)&"_S"&TEXT(P14,"00000.00")&"_E"&TEXT(Q14,"00000.00") -> CS10R_BW010.00_UH____C_S14283.00_E14293.00_DV____C_S12533.00_E12543.00 | G14: CS10R-1-1-[6][6] | H14: =VLOOKUP(G14,开关状态表!B:I,7,FALSE) -> 1 | I14: 0 | J14: 10 | K14: P | M14: 出租 | N14: =V14+I14 -> 14283 | O14: =N14+J14 -> 14293 | P14: =X14+I14 -> 12533 | Q14: =P14+J14 -> 12543 | R14: =VLOOKUP(VLOOKUP(G14,开关状态表!B:H,2,FALSE),矩阵信息表!B:H,2,FALSE) -> CS10R | S14: =VLOOKUP(G14,开关状态表!B:H,5,FALSE) -> RC6A | T14: =VLOOKUP(G14,开关状态表!B:H,6,FALSE) -> TC6A | U14: =VLOOKUP(R14&"-"&S14,通道清单!C:L,8,FALSE) -> 54 | V14: =VLOOKUP(R14&"-"&S14,通道清单!C:L,9,FALSE) -> 14283 | W14: =VLOOKUP(R14&"-"&S14,通道清单!C:L,10,FALSE) -> 14337 | X14: =VLOOKUP(R14&"-"&T14,通道清单!C:L,9,FALSE) -> 12533 | Y14: =VLOOKUP(R14&"-"&T14,通道清单!C:L,10,FALSE) -> 12587
A15: =ROW()-1 -> 14 | B15: =G15&"-"&"OFF"&I15&"-BW"&J15 -> CS10R-1-1-[6][6]-OFF10-BW5 | C15: =R15&"_BW"&TEXT(O15-N15,"000.00")&"_U"&VLOOKUP(R15&"-"&S15,通道清单!C:L,5,FALSE)&LEFT("_____",5-LEN(VLOOKUP(R15&"-"&S15,通道清单!C:L,4,FALSE)))&VLOOKUP(R15&"-"&S15,通道清单!C:L,4,FALSE)&"_S"&TEXT(N15,"00000.00")&"_E"&TEXT(O15,"00000.00")&"_D"&VLOOKUP(R15&"-"&T15,通道清单!C:L,5,FALSE)&LEFT("_____",5-LEN(VLOOKUP(R15&"-"&T15,通道清单!C:L,4,FALSE)))&VLOOKUP(R15&"-"&T15,通道清单!C:L,4,FALSE)&"_S"&TEXT(P15,"00000.00")&"_E"&TEXT(Q15,"00000.00") -> CS10R_BW005.00_UH____C_S14293.00_E14298.00_DV____C_S12543.00_E12548.00 | G15: CS10R-1-1-[6][6] | H15: =VLOOKUP(G15,开关状态表!B:I,7,FALSE) -> 1 | I15: 10 | J15: 5 | K15: P | M15: 出租 | N15: =V15+I15 -> 14293 | O15: =N15+J15 -> 14298 | P15: =X15+I15 -> 12543 | Q15: =P15+J15 -> 12548 | R15: =VLOOKUP(VLOOKUP(G15,开关状态表!B:H,2,FALSE),矩阵信息表!B:H,2,FALSE) -> CS10R | S15: =VLOOKUP(G15,开关状态表!B:H,5,FALSE) -> RC6A | T15: =VLOOKUP(G15,开关状态表!B:H,6,FALSE) -> TC6A | U15: =VLOOKUP(R15&"-"&S15,通道清单!C:L,8,FALSE) -> 54 | V15: =VLOOKUP(R15&"-"&S15,通道清单!C:L,9,FALSE) -> 14283 | W15: =VLOOKUP(R15&"-"&S15,通道清单!C:L,10,FALSE) -> 14337 | X15: =VLOOKUP(R15&"-"&T15,通道清单!C:L,9,FALSE) -> 12533 | Y15: =VLOOKUP(R15&"-"&T15,通道清单!C:L,10,FALSE) -> 12587
A16: =ROW()-1 -> 15 | B16: =G16&"-"&"OFF"&I16&"-BW"&J16 -> CS10R-1-1-[6][6]-OFF13-BW2 | C16: =R16&"_BW"&TEXT(O16-N16,"000.00")&"_U"&VLOOKUP(R16&"-"&S16,通道清单!C:L,5,FALSE)&LEFT("_____",5-LEN(VLOOKUP(R16&"-"&S16,通道清单!C:L,4,FALSE)))&VLOOKUP(R16&"-"&S16,通道清单!C:L,4,FALSE)&"_S"&TEXT(N16,"00000.00")&"_E"&TEXT(O16,"00000.00")&"_D"&VLOOKUP(R16&"-"&T16,通道清单!C:L,5,FALSE)&LEFT("_____",5-LEN(VLOOKUP(R16&"-"&T16,通道清单!C:L,4,FALSE)))&VLOOKUP(R16&"-"&T16,通道清单!C:L,4,FALSE)&"_S"&TEXT(P16,"00000.00")&"_E"&TEXT(Q16,"00000.00") -> CS10R_BW002.00_UH____C_S14296.00_E14298.00_DV____C_S12546.00_E12548.00 | G16: CS10R-1-1-[6][6] | H16: =VLOOKUP(G16,开关状态表!B:I,7,FALSE) -> 1 | I16: 13 | J16: 2 | K16: R | M16: 出租 | N16: =V16+I16 -> 14296 | O16: =N16+J16 -> 14298 | P16: =X16+I16 -> 12546 | Q16: =P16+J16 -> 12548 | R16: =VLOOKUP(VLOOKUP(G16,开关状态表!B:H,2,FALSE),矩阵信息表!B:H,2,FALSE) -> CS10R | S16: =VLOOKUP(G16,开关状态表!B:H,5,FALSE) -> RC6A | T16: =VLOOKUP(G16,开关状态表!B:H,6,FALSE) -> TC6A | U16: =VLOOKUP(R16&"-"&S16,通道清单!C:L,8,FALSE) -> 54 | V16: =VLOOKUP(R16&"-"&S16,通道清单!C:L,9,FALSE) -> 14283 | W16: =VLOOKUP(R16&"-"&S16,通道清单!C:L,10,FALSE) -> 14337 | X16: =VLOOKUP(R16&"-"&T16,通道清单!C:L,9,FALSE) -> 12533 | Y16: =VLOOKUP(R16&"-"&T16,通道清单!C:L,10,FALSE) -> 12587
A17: =ROW()-1 -> 16 | B17: =G17&"-"&"OFF"&I17&"-BW"&J17 -> CS10R-1-1-[6][6]-OFF15-BW1 | C17: =R17&"_BW"&TEXT(O17-N17,"000.00")&"_U"&VLOOKUP(R17&"-"&S17,通道清单!C:L,5,FALSE)&LEFT("_____",5-LEN(VLOOKUP(R17&"-"&S17,通道清单!C:L,4,FALSE)))&VLOOKUP(R17&"-"&S17,通道清单!C:L,4,FALSE)&"_S"&TEXT(N17,"00000.00")&"_E"&TEXT(O17,"00000.00")&"_D"&VLOOKUP(R17&"-"&T17,通道清单!C:L,5,FALSE)&LEFT("_____",5-LEN(VLOOKUP(R17&"-"&T17,通道清单!C:L,4,FALSE)))&VLOOKUP(R17&"-"&T17,通道清单!C:L,4,FALSE)&"_S"&TEXT(P17,"00000.00")&"_E"&TEXT(Q17,"00000.00") -> CS10R_BW001.00_UH____C_S14298.00_E14299.00_DV____C_S12548.00_E12549.00 | G17: CS10R-1-1-[6][6] | H17: =VLOOKUP(G17,开关状态表!B:I,7,FALSE) -> 1 | I17: 15 | J17: 1 | K17: P | M17: 出租 | N17: =V17+I17 -> 14298 | O17: =N17+J17 -> 14299 | P17: =X17+I17 -> 12548 | Q17: =P17+J17 -> 12549 | R17: =VLOOKUP(VLOOKUP(G17,开关状态表!B:H,2,FALSE),矩阵信息表!B:H,2,FALSE) -> CS10R | S17: =VLOOKUP(G17,开关状态表!B:H,5,FALSE) -> RC6A | T17: =VLOOKUP(G17,开关状态表!B:H,6,FALSE) -> TC6A | U17: =VLOOKUP(R17&"-"&S17,通道清单!C:L,8,FALSE) -> 54 | V17: =VLOOKUP(R17&"-"&S17,通道清单!C:L,9,FALSE) -> 14283 | W17: =VLOOKUP(R17&"-"&S17,通道清单!C:L,10,FALSE) -> 14337 | X17: =VLOOKUP(R17&"-"&T17,通道清单!C:L,9,FALSE) -> 12533 | Y17: =VLOOKUP(R17&"-"&T17,通道清单!C:L,10,FALSE) -> 12587
A18: =ROW()-1 -> 17 | B18: =G18&"-"&"OFF"&I18&"-BW"&J18 -> CS10R-1-1-[6][6]-OFF16-BW4 | C18: =R18&"_BW"&TEXT(O18-N18,"000.00")&"_U"&VLOOKUP(R18&"-"&S18,通道清单!C:L,5,FALSE)&LEFT("_____",5-LEN(VLOOKUP(R18&"-"&S18,通道清单!C:L,4,FALSE)))&VLOOKUP(R18&"-"&S18,通道清单!C:L,4,FALSE)&"_S"&TEXT(N18,"00000.00")&"_E"&TEXT(O18,"00000.00")&"_D"&VLOOKUP(R18&"-"&T18,通道清单!C:L,5,FALSE)&LEFT("_____",5-LEN(VLOOKUP(R18&"-"&T18,通道清单!C:L,4,FALSE)))&VLOOKUP(R18&"-"&T18,通道清单!C:L,4,FALSE)&"_S"&TEXT(P18,"00000.00")&"_E"&TEXT(Q18,"00000.00") -> CS10R_BW004.00_UH____C_S14299.00_E14303.00_DV____C_S12549.00_E12553.00 | G18: CS10R-1-1-[6][6] | H18: =VLOOKUP(G18,开关状态表!B:I,7,FALSE) -> 1 | I18: 16 | J18: 4 | K18: P | M18: 出租 | N18: =V18+I18 -> 14299 | O18: =N18+J18 -> 14303 | P18: =X18+I18 -> 12549 | Q18: =P18+J18 -> 12553 | R18: =VLOOKUP(VLOOKUP(G18,开关状态表!B:H,2,FALSE),矩阵信息表!B:H,2,FALSE) -> CS10R | S18: =VLOOKUP(G18,开关状态表!B:H,5,FALSE) -> RC6A | T18: =VLOOKUP(G18,开关状态表!B:H,6,FALSE) -> TC6A | U18: =VLOOKUP(R18&"-"&S18,通道清单!C:L,8,FALSE) -> 54 | V18: =VLOOKUP(R18&"-"&S18,通道清单!C:L,9,FALSE) -> 14283 | W18: =VLOOKUP(R18&"-"&S18,通道清单!C:L,10,FALSE) -> 14337 | X18: =VLOOKUP(R18&"-"&T18,通道清单!C:L,9,FALSE) -> 12533 | Y18: =VLOOKUP(R18&"-"&T18,通道清单!C:L,10,FALSE) -> 12587
A19: =ROW()-1 -> 18 | B19: =G19&"-"&"OFF"&I19&"-BW"&J19 -> CS10R-1-1-[6][6]-OFF20-BW15 | C19: =R19&"_BW"&TEXT(O19-N19,"000.00")&"_U"&VLOOKUP(R19&"-"&S19,通道清单!C:L,5,FALSE)&LEFT("_____",5-LEN(VLOOKUP(R19&"-"&S19,通道清单!C:L,4,FALSE)))&VLOOKUP(R19&"-"&S19,通道清单!C:L,4,FALSE)&"_S"&TEXT(N19,"00000.00")&"_E"&TEXT(O19,"00000.00")&"_D"&VLOOKUP(R19&"-"&T19,通道清单!C:L,5,FALSE)&LEFT("_____",5-LEN(VLOOKUP(R19&"-"&T19,通道清单!C:L,4,FALSE)))&VLOOKUP(R19&"-"&T19,通道清单!C:L,4,FALSE)&"_S"&TEXT(P19,"00000.00")&"_E"&TEXT(Q19,"00000.00") -> CS10R_BW015.00_UH____C_S14303.00_E14318.00_DV____C_S12553.00_E12568.00 | G19: CS10R-1-1-[6][6] | H19: =VLOOKUP(G19,开关状态表!B:I,7,FALSE) -> 1 | I19: 20 | J19: 15 | K19: P | M19: 出租 | N19: =V19+I19 -> 14303 | O19: =N19+J19 -> 14318 | P19: =X19+I19 -> 12553 | Q19: =P19+J19 -> 12568 | R19: =VLOOKUP(VLOOKUP(G19,开关状态表!B:H,2,FALSE),矩阵信息表!B:H,2,FALSE) -> CS10R | S19: =VLOOKUP(G19,开关状态表!B:H,5,FALSE) -> RC6A | T19: =VLOOKUP(G19,开关状态表!B:H,6,FALSE) -> TC6A | U19: =VLOOKUP(R19&"-"&S19,通道清单!C:L,8,FALSE) -> 54 | V19: =VLOOKUP(R19&"-"&S19,通道清单!C:L,9,FALSE) -> 14283 | W19: =VLOOKUP(R19&"-"&S19,通道清单!C:L,10,FALSE) -> 14337 | X19: =VLOOKUP(R19&"-"&T19,通道清单!C:L,9,FALSE) -> 12533 | Y19: =VLOOKUP(R19&"-"&T19,通道清单!C:L,10,FALSE) -> 12587
... A41: =ROW()-1 -> 40 | B41: =G41&"-"&"OFF"&I41&"-BW"&J41 -> CS10R-1-4-[6][6]-OFF0-BW54 | C41: =R41&"_BW"&TEXT(O41-N41,"000.00")&"_U"&VLOOKUP(R41&"-"&S41,通道清单!C:L,5,FALSE)&LEFT("_____",5-LEN(VLOOKUP(R41&"-"&S41,通道清单!C:L,4,FALSE)))&VLOOKUP(R41&"-"&S41,通道清单!C:L,4,FALSE)&"_S"&TEXT(N41,"00000.00")&"_E"&TEXT(O41,"00000.00")&"_D"&VLOOKUP(R41&"-"&T41,通道清单!C:L,5,FALSE)&LEFT("_____",5-LEN(VLOOKUP(R41&"-"&T41,通道清单!C:L,4,FALSE)))&VLOOKUP(R41&"-"&T41,通道清单!C:L,4,FALSE)&"_S"&TEXT(P41,"00000.00")&"_E"&TEXT(Q41,"00000.00") -> CS10R_BW054.00_UV____S_S14073.00_E14127.00_DH____S_S12323.00_E12377.00 | G41: CS10R-1-4-[6][6] | H41: =VLOOKUP(G41,开关状态表!B:I,7,FALSE) -> 1 | I41: 0 | J41: 54 | K41: P | M41: 出租 | N41: =V41+I41 -> 14073 | O41: =N41+J41 -> 14127 | P41: =X41+I41 -> 12323 | Q41: =P41+J41 -> 12377 | R41: =VLOOKUP(VLOOKUP(G41,开关状态表!B:H,2,FALSE),矩阵信息表!B:H,2,FALSE) -> CS10R | S41: =VLOOKUP(G41,开关状态表!B:H,5,FALSE) -> RS2B | T41: =VLOOKUP(G41,开关状态表!B:H,6,FALSE) -> TS2B | U41: =VLOOKUP(R41&"-"&S41,通道清单!C:L,8,FALSE) -> 54 | V41: =VLOOKUP(R41&"-"&S41,通道清单!C:L,9,FALSE) -> 14073 | W41: =VLOOKUP(R41&"-"&S41,通道清单!C:L,10,FALSE) -> 14127 | X41: =VLOOKUP(R41&"-"&T41,通道清单!C:L,9,FALSE) -> 12323 | Y41: =VLOOKUP(R41&"-"&T41,通道清单!C:L,10,FALSE) -> 12377
A42: =ROW()-1 -> 41 | B42: =G42&"-"&"OFF"&I42&"-BW"&J42 -> CS10R-1-4-[7][7]-OFF0-BW31 | C42: =R42&"_BW"&TEXT(O42-N42,"000.00")&"_U"&VLOOKUP(R42&"-"&S42,通道清单!C:L,5,FALSE)&LEFT("_____",5-LEN(VLOOKUP(R42&"-"&S42,通道清单!C:L,4,FALSE)))&VLOOKUP(R42&"-"&S42,通道清单!C:L,4,FALSE)&"_S"&TEXT(N42,"00000.00")&"_E"&TEXT(O42,"00000.00")&"_D"&VLOOKUP(R42&"-"&T42,通道清单!C:L,5,FALSE)&LEFT("_____",5-LEN(VLOOKUP(R42&"-"&T42,通道清单!C:L,4,FALSE)))&VLOOKUP(R42&"-"&T42,通道清单!C:L,4,FALSE)&"_S"&TEXT(P42,"00000.00")&"_E"&TEXT(Q42,"00000.00") -> CS10R_BW031.00_UV____S_S14133.00_E14164.00_DH____S_S12383.00_E12414.00 | G42: CS10R-1-4-[7][7] | H42: 1 | I42: 0 | J42: 31 | K42: P | M42: 出租 | N42: =V42+I42 -> 14133 | O42: =N42+J42 -> 14164 | P42: =X42+I42 -> 12383 | Q42: =P42+J42 -> 12414 | R42: =VLOOKUP(VLOOKUP(G42,开关状态表!B:H,2,FALSE),矩阵信息表!B:H,2,FALSE) -> CS10R | S42: =VLOOKUP(G42,开关状态表!B:H,5,FALSE) -> RS3B | T42: =VLOOKUP(G42,开关状态表!B:H,6,FALSE) -> TS3B | U42: =VLOOKUP(R42&"-"&S42,通道清单!C:L,8,FALSE) -> 54 | V42: =VLOOKUP(R42&"-"&S42,通道清单!C:L,9,FALSE) -> 14133 | W42: =VLOOKUP(R42&"-"&S42,通道清单!C:L,10,FALSE) -> 14187 | X42: =VLOOKUP(R42&"-"&T42,通道清单!C:L,9,FALSE) -> 12383 | Y42: =VLOOKUP(R42&"-"&T42,通道清单!C:L,10,FALSE) -> 12437
A43: =ROW()-1 -> 42 | B43: =G43&"-"&"OFF"&I43&"-BW"&J43 -> CS10R-1-4-[7][7]-OFF31-BW23 | C43: =R43&"_BW"&TEXT(O43-N43,"000.00")&"_U"&VLOOKUP(R43&"-"&S43,通道清单!C:L,5,FALSE)&LEFT("_____",5-LEN(VLOOKUP(R43&"-"&S43,通道清单!C:L,4,FALSE)))&VLOOKUP(R43&"-"&S43,通道清单!C:L,4,FALSE)&"_S"&TEXT(N43,"00000.00")&"_E"&TEXT(O43,"00000.00")&"_D"&VLOOKUP(R43&"-"&T43,通道清单!C:L,5,FALSE)&LEFT("_____",5-LEN(VLOOKUP(R43&"-"&T43,通道清单!C:L,4,FALSE)))&VLOOKUP(R43&"-"&T43,通道清单!C:L,4,FALSE)&"_S"&TEXT(P43,"00000.00")&"_E"&TEXT(Q43,"00000.00") -> CS10R_BW023.00_UV____S_S14164.00_E14187.00_DH____S_S12414.00_E12437.00 | G43: CS10R-1-4-[7][7] | H43: 1 | I43: 31 | J43: 23 | K43: P | M43: 出租 | N43: =V43+I43 -> 14164 | O43: =N43+J43 -> 14187 | P43: =X43+I43 -> 12414 | Q43: =P43+J43 -> 12437 | R43: =VLOOKUP(VLOOKUP(G43,开关状态表!B:H,2,FALSE),矩阵信息表!B:H,2,FALSE) -> CS10R | S43: =VLOOKUP(G43,开关状态表!B:H,5,FALSE) -> RS3B | T43: =VLOOKUP(G43,开关状态表!B:H,6,FALSE) -> TS3B | U43: =VLOOKUP(R43&"-"&S43,通道清单!C:L,8,FALSE) -> 54 | V43: =VLOOKUP(R43&"-"&S43,通道清单!C:L,9,FALSE) -> 14133 | W43: =VLOOKUP(R43&"-"&S43,通道清单!C:L,10,FALSE) -> 14187 | X43: =VLOOKUP(R43&"-"&T43,通道清单!C:L,9,FALSE) -> 12383 | Y43: =VLOOKUP(R43&"-"&T43,通道清单!C:L,10,FALSE) -> 12437
A44: =ROW()-1 -> 43 | B44: =G44&"-"&"OFF"&I44&"-BW"&J44 -> CS10R-1-4-[8][8]-OFF0-BW54 | C44: =R44&"_BW"&TEXT(O44-N44,"000.00")&"_U"&VLOOKUP(R44&"-"&S44,通道清单!C:L,5,FALSE)&LEFT("_____",5-LEN(VLOOKUP(R44&"-"&S44,通道清单!C:L,4,FALSE)))&VLOOKUP(R44&"-"&S44,通道清单!C:L,4,FALSE)&"_S"&TEXT(N44,"00000.00")&"_E"&TEXT(O44,"00000.00")&"_D"&VLOOKUP(R44&"-"&T44,通道清单!C:L,5,FALSE)&LEFT("_____",5-LEN(VLOOKUP(R44&"-"&T44,通道清单!C:L,4,FALSE)))&VLOOKUP(R44&"-"&T44,通道清单!C:L,4,FALSE)&"_S"&TEXT(P44,"00000.00")&"_E"&TEXT(Q44,"00000.00") -> CS10R_BW054.00_UV____S_S14193.00_E14247.00_DH____S_S12443.00_E12497.00 | G44: CS10R-1-4-[8][8] | H44: =VLOOKUP(G44,开关状态表!B:I,7,FALSE) -> 1 | I44: 0 | J44: 54 | K44: P | M44: 出租 | N44: =V44+I44 -> 14193 | O44: =N44+J44 -> 14247 | P44: =X44+I44 -> 12443 | Q44: =P44+J44 -> 12497 | R44: =VLOOKUP(VLOOKUP(G44,开关状态表!B:H,2,FALSE),矩阵信息表!B:H,2,FALSE) -> CS10R | S44: =VLOOKUP(G44,开关状态表!B:H,5,FALSE) -> RS4B | T44: =VLOOKUP(G44,开关状态表!B:H,6,FALSE) -> TS4B | U44: =VLOOKUP(R44&"-"&S44,通道清单!C:L,8,FALSE) -> 54 | V44: =VLOOKUP(R44&"-"&S44,通道清单!C:L,9,FALSE) -> 14193 | W44: =VLOOKUP(R44&"-"&S44,通道清单!C:L,10,FALSE) -> 14247 | X44: =VLOOKUP(R44&"-"&T44,通道清单!C:L,9,FALSE) -> 12443 | Y44: =VLOOKUP(R44&"-"&T44,通道清单!C:L,10,FALSE) -> 12497
A45: =ROW()-1 -> 44 | B45: =G45&"-"&"OFF"&I45&"-BW"&J45 -> CS10R-1-2-[1][1]-OFF0-BW54 | C45: =R45&"_BW"&TEXT(O45-N45,"000.00")&"_U"&VLOOKUP(R45&"-"&S45,通道清单!C:L,5,FALSE)&LEFT("_____",5-LEN(VLOOKUP(R45&"-"&S45,通道清单!C:L,4,FALSE)))&VLOOKUP(R45&"-"&S45,通道清单!C:L,4,FALSE)&"_S"&TEXT(N45,"00000.00")&"_E"&TEXT(O45,"00000.00")&"_D"&VLOOKUP(R45&"-"&T45,通道清单!C:L,5,FALSE)&LEFT("_____",5-LEN(VLOOKUP(R45&"-"&T45,通道清单!C:L,4,FALSE)))&VLOOKUP(R45&"-"&T45,通道清单!C:L,4,FALSE)&"_S"&TEXT(P45,"00000.00")&"_E"&TEXT(Q45,"00000.00") -> CS10R_BW054.00_UV____C_S14253.00_E14307.00_DH____C_S12503.00_E12557.00 | G45: CS10R-1-2-[1][1] | H45: =VLOOKUP(G45,开关状态表!B:I,7,FALSE) -> 1 | I45: 0 | J45: 54 | K45: P | M45: 出租 | N45: =V45+I45 -> 14253 | O45: =N45+J45 -> 14307 | P45: =X45+I45 -> 12503 | Q45: =P45+J45 -> 12557 | R45: =VLOOKUP(VLOOKUP(G45,开关状态表!B:H,2,FALSE),矩阵信息表!B:H,2,FALSE) -> CS10R | S45: =VLOOKUP(G45,开关状态表!B:H,5,FALSE) -> RC5B | T45: =VLOOKUP(G45,开关状态表!B:H,6,FALSE) -> TC5B | U45: =VLOOKUP(R45&"-"&S45,通道清单!C:L,8,FALSE) -> 54 | V45: =VLOOKUP(R45&"-"&S45,通道清单!C:L,9,FALSE) -> 14253 | W45: =VLOOKUP(R45&"-"&S45,通道清单!C:L,10,FALSE) -> 14307 | X45: =VLOOKUP(R45&"-"&T45,通道清单!C:L,9,FALSE) -> 12503 | Y45: =VLOOKUP(R45&"-"&T45,通道清单!C:L,10,FALSE) -> 12557
A46: =ROW()-1 -> 45 | B46: =G46&"-"&"OFF"&I46&"-BW"&J46 -> CS10R-1-2-[2][2]-OFF-1.2-BW1.2 | C46: =R46&"_BW"&TEXT(O46-N46,"000.00")&"_U"&VLOOKUP(R46&"-"&S46,通道清单!C:L,5,FALSE)&LEFT("_____",5-LEN(VLOOKUP(R46&"-"&S46,通道清单!C:L,4,FALSE)))&VLOOKUP(R46&"-"&S46,通道清单!C:L,4,FALSE)&"_S"&TEXT(N46,"00000.00")&"_E"&TEXT(O46,"00000.00")&"_D"&VLOOKUP(R46&"-"&T46,通道清单!C:L,5,FALSE)&LEFT("_____",5-LEN(VLOOKUP(R46&"-"&T46,通道清单!C:L,4,FALSE)))&VLOOKUP(R46&"-"&T46,通道清单!C:L,4,FALSE)&"_S"&TEXT(P46,"00000.00")&"_E"&TEXT(Q46,"00000.00") -> CS10R_BW001.20_UV____C_S14311.80_E14313.00_DH____C_S12561.80_E12563.00 | G46: CS10R-1-2-[2][2] | H46: =VLOOKUP(G46,开关状态表!B:I,7,FALSE) -> 1 | I46: -1.2 | J46: 1.2 | K46: P | M46: 出租 | N46: =V46+I46 -> 14311.8 | O46: =N46+J46 -> 14313 | P46: =X46+I46 -> 12561.8 | Q46: =P46+J46 -> 12563 | R46: =VLOOKUP(VLOOKUP(G46,开关状态表!B:H,2,FALSE),矩阵信息表!B:H,2,FALSE) -> CS10R | S46: =VLOOKUP(G46,开关状态表!B:H,5,FALSE) -> RC6B | T46: =VLOOKUP(G46,开关状态表!B:H,6,FALSE) -> TC6B | U46: =VLOOKUP(R46&"-"&S46,通道清单!C:L,8,FALSE) -> 54 | V46: =VLOOKUP(R46&"-"&S46,通道清单!C:L,9,FALSE) -> 14313 | W46: =VLOOKUP(R46&"-"&S46,通道清单!C:L,10,FALSE) -> 14367 | X46: =VLOOKUP(R46&"-"&T46,通道清单!C:L,9,FALSE) -> 12563 | Y46: =VLOOKUP(R46&"-"&T46,通道清单!C:L,10,FALSE) -> 12617
A47: =ROW()-1 -> 46 | B47: =G47&"-"&"OFF"&I47&"-BW"&J47 -> CS10R-1-2-[2][2]-OFF0-BW1 | C47: =R47&"_BW"&TEXT(O47-N47,"000.00")&"_U"&VLOOKUP(R47&"-"&S47,通道清单!C:L,5,FALSE)&LEFT("_____",5-LEN(VLOOKUP(R47&"-"&S47,通道清单!C:L,4,FALSE)))&VLOOKUP(R47&"-"&S47,通道清单!C:L,4,FALSE)&"_S"&TEXT(N47,"00000.00")&"_E"&TEXT(O47,"00000.00")&"_D"&VLOOKUP(R47&"-"&T47,通道清单!C:L,5,FALSE)&LEFT("_____",5-LEN(VLOOKUP(R47&"-"&T47,通道清单!C:L,4,FALSE)))&VLOOKUP(R47&"-"&T47,通道清单!C:L,4,FALSE)&"_S"&TEXT(P47,"00000.00")&"_E"&TEXT(Q47,"00000.00") -> CS10R_BW001.00_UV____C_S14313.00_E14314.00_DH____C_S12563.00_E12564.00 | G47: CS10R-1-2-[2][2] | H47: =VLOOKUP(G47,开关状态表!B:I,7,FALSE) -> 1 | I47: 0 | J47: 1 | K47: P | M47: 出租 | N47: =V47+I47 -> 14313 | O47: =N47+J47 -> 14314 | P47: =X47+I47 -> 12563 | Q47: =P47+J47 -> 12564 | R47: =VLOOKUP(VLOOKUP(G47,开关状态表!B:H,2,FALSE),矩阵信息表!B:H,2,FALSE) -> CS10R | S47: =VLOOKUP(G47,开关状态表!B:H,5,FALSE) -> RC6B | T47: =VLOOKUP(G47,开关状态表!B:H,6,FALSE) -> TC6B | U47: =VLOOKUP(R47&"-"&S47,通道清单!C:L,8,FALSE) -> 54 | V47: =VLOOKUP(R47&"-"&S47,通道清单!C:L,9,FALSE) -> 14313 | W47: =VLOOKUP(R47&"-"&S47,通道清单!C:L,10,FALSE) -> 14367 | X47: =VLOOKUP(R47&"-"&T47,通道清单!C:L,9,FALSE) -> 12563 | Y47: =VLOOKUP(R47&"-"&T47,通道清单!C:L,10,FALSE) -> 12617
A48: =ROW()-1 -> 47 | B48: =G48&"-"&"OFF"&I48&"-BW"&J48 -> CS10R-1-2-[2][2]-OFF1-BW1 | C48: =R48&"_BW"&TEXT(O48-N48,"000.00")&"_U"&VLOOKUP(R48&"-"&S48,通道清单!C:L,5,FALSE)&LEFT("_____",5-LEN(VLOOKUP(R48&"-"&S48,通道清单!C:L,4,FALSE)))&VLOOKUP(R48&"-"&S48,通道清单!C:L,4,FALSE)&"_S"&TEXT(N48,"00000.00")&"_E"&TEXT(O48,"00000.00")&"_D"&VLOOKUP(R48&"-"&T48,通道清单!C:L,5,FALSE)&LEFT("_____",5-LEN(VLOOKUP(R48&"-"&T48,通道清单!C:L,4,FALSE)))&VLOOKUP(R48&"-"&T48,通道清单!C:L,4,FALSE)&"_S"&TEXT(P48,"00000.00")&"_E"&TEXT(Q48,"00000.00") -> CS10R_BW001.00_UV____C_S14314.00_E14315.00_DH____C_S12564.00_E12565.00 | G48: CS10R-1-2-[2][2] | H48: =VLOOKUP(G48,开关状态表!B:I,7,FALSE) -> 1 | I48: 1 | J48: 1 | K48: R | M48: 出租 | N48: =V48+I48 -> 14314 | O48: =N48+J48 -> 14315 | P48: =X48+I48 -> 12564 | Q48: =P48+J48 -> 12565 | R48: =VLOOKUP(VLOOKUP(G48,开关状态表!B:H,2,FALSE),矩阵信息表!B:H,2,FALSE) -> CS10R | S48: =VLOOKUP(G48,开关状态表!B:H,5,FALSE) -> RC6B | T48: =VLOOKUP(G48,开关状态表!B:H,6,FALSE) -> TC6B | U48: =VLOOKUP(R48&"-"&S48,通道清单!C:L,8,FALSE) -> 54 | V48: =VLOOKUP(R48&"-"&S48,通道清单!C:L,9,FALSE) -> 14313 | W48: =VLOOKUP(R48&"-"&S48,通道清单!C:L,10,FALSE) -> 14367 | X48: =VLOOKUP(R48&"-"&T48,通道清单!C:L,9,FALSE) -> 12563 | Y48: =VLOOKUP(R48&"-"&T48,通道清单!C:L,10,FALSE) -> 12617
A49: =ROW()-1 -> 48 | B49: =G49&"-"&"OFF"&I49&"-BW"&J49 -> CS10R-1-2-[2][2]-OFF2-BW12 | C49: =R49&"_BW"&TEXT(O49-N49,"000.00")&"_U"&VLOOKUP(R49&"-"&S49,通道清单!C:L,5,FALSE)&LEFT("_____",5-LEN(VLOOKUP(R49&"-"&S49,通道清单!C:L,4,FALSE)))&VLOOKUP(R49&"-"&S49,通道清单!C:L,4,FALSE)&"_S"&TEXT(N49,"00000.00")&"_E"&TEXT(O49,"00000.00")&"_D"&VLOOKUP(R49&"-"&T49,通道清单!C:L,5,FALSE)&LEFT("_____",5-LEN(VLOOKUP(R49&"-"&T49,通道清单!C:L,4,FALSE)))&VLOOKUP(R49&"-"&T49,通道清单!C:L,4,FALSE)&"_S"&TEXT(P49,"00000.00")&"_E"&TEXT(Q49,"00000.00") -> CS10R_BW012.00_UV____C_S14315.00_E14327.00_DH____C_S12565.00_E12577.00 | G49: CS10R-1-2-[2][2] | H49: =VLOOKUP(G49,开关状态表!B:I,7,FALSE) -> 1 | I49: 2 | J49: 12 | K49: P | M49: 出租 | N49: =V49+I49 -> 14315 | O49: =N49+J49 -> 14327 | P49: =X49+I49 -> 12565 | Q49: =P49+J49 -> 12577 | R49: =VLOOKUP(VLOOKUP(G49,开关状态表!B:H,2,FALSE),矩阵信息表!B:H,2,FALSE) -> CS10R | S49: =VLOOKUP(G49,开关状态表!B:H,5,FALSE) -> RC6B | T49: =VLOOKUP(G49,开关状态表!B:H,6,FALSE) -> TC6B | U49: =VLOOKUP(R49&"-"&S49,通道清单!C:L,8,FALSE) -> 54 | V49: =VLOOKUP(R49&"-"&S49,通道清单!C:L,9,FALSE) -> 14313 | W49: =VLOOKUP(R49&"-"&S49,通道清单!C:L,10,FALSE) -> 14367 | X49: =VLOOKUP(R49&"-"&T49,通道清单!C:L,9,FALSE) -> 12563 | Y49: =VLOOKUP(R49&"-"&T49,通道清单!C:L,10,FALSE) -> 12617
A50: =ROW()-1 -> 49 | B50: =G50&"-"&"OFF"&I50&"-BW"&J50 -> CS10R-1-2-[2][2]-OFF14-BW4 | C50: =R50&"_BW"&TEXT(O50-N50,"000.00")&"_U"&VLOOKUP(R50&"-"&S50,通道清单!C:L,5,FALSE)&LEFT("_____",5-LEN(VLOOKUP(R50&"-"&S50,通道清单!C:L,4,FALSE)))&VLOOKUP(R50&"-"&S50,通道清单!C:L,4,FALSE)&"_S"&TEXT(N50,"00000.00")&"_E"&TEXT(O50,"00000.00")&"_D"&VLOOKUP(R50&"-"&T50,通道清单!C:L,5,FALSE)&LEFT("_____",5-LEN(VLOOKUP(R50&"-"&T50,通道清单!C:L,4,FALSE)))&VLOOKUP(R50&"-"&T50,通道清单!C:L,4,FALSE)&"_S"&TEXT(P50,"00000.00")&"_E"&TEXT(Q50,"00000.00") -> CS10R_BW004.00_UV____C_S14327.00_E14331.00_DH____C_S12577.00_E12581.00 | G50: CS10R-1-2-[2][2] | H50: =VLOOKUP(G50,开关状态表!B:I,7,FALSE) -> 1 | I50: 14 | J50: 4 | K50: P | M50: 出租 | N50: =V50+I50 -> 14327 | O50: =N50+J50 -> 14331 | P50: =X50+I50 -> 12577 | Q50: =P50+J50 -> 12581 | R50: =VLOOKUP(VLOOKUP(G50,开关状态表!B:H,2,FALSE),矩阵信息表!B:H,2,FALSE) -> CS10R | S50: =VLOOKUP(G50,开关状态表!B:H,5,FALSE) -> RC6B | T50: =VLOOKUP(G50,开关状态表!B:H,6,FALSE) -> TC6B | U50: =VLOOKUP(R50&"-"&S50,通道清单!C:L,8,FALSE) -> 54 | V50: =VLOOKUP(R50&"-"&S50,通道清单!C:L,9,FALSE) -> 14313 | W50: =VLOOKUP(R50&"-"&S50,通道清单!C:L,10,FALSE) -> 14367 | X50: =VLOOKUP(R50&"-"&T50,通道清单!C:L,9,FALSE) -> 12563 | Y50: =VLOOKUP(R50&"-"&T50,通道清单!C:L,10,FALSE) -> 12617
A51: =ROW()-1 -> 50 | B51: =G51&"-"&"OFF"&I51&"-BW"&J51 -> CS10R-1-2-[2][2]-OFF18-BW2 | C51: =R51&"_BW"&TEXT(O51-N51,"000.00")&"_U"&VLOOKUP(R51&"-"&S51,通道清单!C:L,5,FALSE)&LEFT("_____",5-LEN(VLOOKUP(R51&"-"&S51,通道清单!C:L,4,FALSE)))&VLOOKUP(R51&"-"&S51,通道清单!C:L,4,FALSE)&"_S"&TEXT(N51,"00000.00")&"_E"&TEXT(O51,"00000.00")&"_D"&VLOOKUP(R51&"-"&T51,通道清单!C:L,5,FALSE)&LEFT("_____",5-LEN(VLOOKUP(R51&"-"&T51,通道清单!C:L,4,FALSE)))&VLOOKUP(R51&"-"&T51,通道清单!C:L,4,FALSE)&"_S"&TEXT(P51,"00000.00")&"_E"&TEXT(Q51,"00000.00") -> CS10R_BW002.00_UV____C_S14331.00_E14333.00_DH____C_S12581.00_E12583.00 | G51: CS10R-1-2-[2][2] | H51: =VLOOKUP(G51,开关状态表!B:I,7,FALSE) -> 1 | I51: 18 | J51: 2 | K51: P | M51: 出租 | N51: =V51+I51 -> 14331 | O51: =N51+J51 -> 14333 | P51: =X51+I51 -> 12581 | Q51: =P51+J51 -> 12583 | R51: =VLOOKUP(VLOOKUP(G51,开关状态表!B:H,2,FALSE),矩阵信息表!B:H,2,FALSE) -> CS10R | S51: =VLOOKUP(G51,开关状态表!B:H,5,FALSE) -> RC6B | T51: =VLOOKUP(G51,开关状态表!B:H,6,FALSE) -> TC6B | U51: =VLOOKUP(R51&"-"&S51,通道清单!C:L,8,FALSE) -> 54 | V51: =VLOOKUP(R51&"-"&S51,通道清单!C:L,9,FALSE) -> 14313 | W51: =VLOOKUP(R51&"-"&S51,通道清单!C:L,10,FALSE) -> 14367 | X51: =VLOOKUP(R51&"-"&T51,通道清单!C:L,9,FALSE) -> 12563 | Y51: =VLOOKUP(R51&"-"&T51,通道清单!C:L,10,FALSE) -> 12617
A52: =ROW()-1 -> 51 | B52: =G52&"-"&"OFF"&I52&"-BW"&J52 -> CS10R-1-2-[2][2]-OFF20-BW0.7 | C52: =R52&"_BW"&TEXT(O52-N52,"000.00")&"_U"&VLOOKUP(R52&"-"&S52,通道清单!C:L,5,FALSE)&LEFT("_____",5-LEN(VLOOKUP(R52&"-"&S52,通道清单!C:L,4,FALSE)))&VLOOKUP(R52&"-"&S52,通道清单!C:L,4,FALSE)&"_S"&TEXT(N52,"00000.00")&"_E"&TEXT(O52,"00000.00")&"_D"&VLOOKUP(R52&"-"&T52,通道清单!C:L,5,FALSE)&LEFT("_____",5-LEN(VLOOKUP(R52&"-"&T52,通道清单!C:L,4,FALSE)))&VLOOKUP(R52&"-"&T52,通道清单!C:L,4,FALSE)&"_S"&TEXT(P52,"00000.00")&"_E"&TEXT(Q52,"00000.00") -> CS10R_BW000.70_UV____C_S14333.00_E14333.70_DH____C_S12583.00_E12583.70 | G52: CS10R-1-2-[2][2] | H52: =VLOOKUP(G52,开关状态表!B:I,7,FALSE) -> 1 | I52: 20 | J52: 0.7 | K52: P | M52: 出租 | N52: =V52+I52 -> 14333 | O52: =N52+J52 -> 14333.7 | P52: =X52+I52 -> 12583 | Q52: =P52+J52 -> 12583.7 | R52: =VLOOKUP(VLOOKUP(G52,开关状态表!B:H,2,FALSE),矩阵信息表!B:H,2,FALSE) -> CS10R | S52: =VLOOKUP(G52,开关状态表!B:H,5,FALSE) -> RC6B | T52: =VLOOKUP(G52,开关状态表!B:H,6,FALSE) -> TC6B | U52: =VLOOKUP(R52&"-"&S52,通道清单!C:L,8,FALSE) -> 54 | V52: =VLOOKUP(R52&"-"&S52,通道清单!C:L,9,FALSE) -> 14313 | W52: =VLOOKUP(R52&"-"&S52,通道清单!C:L,10,FALSE) -> 14367 | X52: =VLOOKUP(R52&"-"&T52,通道清单!C:L,9,FALSE) -> 12563 | Y52: =VLOOKUP(R52&"-"&T52,通道清单!C:L,10,FALSE) -> 12617
A53: =ROW()-1 -> 52 | B53: =G53&"-"&"OFF"&I53&"-BW"&J53 -> CS10R-1-2-[2][2]-OFF20.7-BW1.7 | C53: =R53&"_BW"&TEXT(O53-N53,"000.00")&"_U"&VLOOKUP(R53&"-"&S53,通道清单!C:L,5,FALSE)&LEFT("_____",5-LEN(VLOOKUP(R53&"-"&S53,通道清单!C:L,4,FALSE)))&VLOOKUP(R53&"-"&S53,通道清单!C:L,4,FALSE)&"_S"&TEXT(N53,"00000.00")&"_E"&TEXT(O53,"00000.00")&"_D"&VLOOKUP(R53&"-"&T53,通道清单!C:L,5,FALSE)&LEFT("_____",5-LEN(VLOOKUP(R53&"-"&T53,通道清单!C:L,4,FALSE)))&VLOOKUP(R53&"-"&T53,通道清单!C:L,4,FALSE)&"_S"&TEXT(P53,"00000.00")&"_E"&TEXT(Q53,"00000.00") -> CS10R_BW001.70_UV____C_S14333.70_E14335.40_DH____C_S12583.70_E12585.40 | G53: CS10R-1-2-[2][2] | H53: =VLOOKUP(G53,开关状态表!B:I,7,FALSE) -> 1 | I53: 20.7 | J53: 1.7 | K53: P | M53: 出租 | N53: =V53+I53 -> 14333.7 | O53: =N53+J53 -> 14335.4 | P53: =X53+I53 -> 12583.7 | Q53: =P53+J53 -> 12585.4 | R53: =VLOOKUP(VLOOKUP(G53,开关状态表!B:H,2,FALSE),矩阵信息表!B:H,2,FALSE) -> CS10R | S53: =VLOOKUP(G53,开关状态表!B:H,5,FALSE) -> RC6B | T53: =VLOOKUP(G53,开关状态表!B:H,6,FALSE) -> TC6B | U53: =VLOOKUP(R53&"-"&S53,通道清单!C:L,8,FALSE) -> 54 | V53: =VLOOKUP(R53&"-"&S53,通道清单!C:L,9,FALSE) -> 14313 | W53: =VLOOKUP(R53&"-"&S53,通道清单!C:L,10,FALSE) -> 14367 | X53: =VLOOKUP(R53&"-"&T53,通道清单!C:L,9,FALSE) -> 12563 | Y53: =VLOOKUP(R53&"-"&T53,通道清单!C:L,10,FALSE) -> 12617
A54: =ROW()-1 -> 53 | B54: =G54&"-"&"OFF"&I54&"-BW"&J54 -> CS10R-1-2-[2][2]-OFF22.4-BW0.7 | C54: =R54&"_BW"&TEXT(O54-N54,"000.00")&"_U"&VLOOKUP(R54&"-"&S54,通道清单!C:L,5,FALSE)&LEFT("_____",5-LEN(VLOOKUP(R54&"-"&S54,通道清单!C:L,4,FALSE)))&VLOOKUP(R54&"-"&S54,通道清单!C:L,4,FALSE)&"_S"&TEXT(N54,"00000.00")&"_E"&TEXT(O54,"00000.00")&"_D"&VLOOKUP(R54&"-"&T54,通道清单!C:L,5,FALSE)&LEFT("_____",5-LEN(VLOOKUP(R54&"-"&T54,通道清单!C:L,4,FALSE)))&VLOOKUP(R54&"-"&T54,通道清单!C:L,4,FALSE)&"_S"&TEXT(P54,"00000.00")&"_E"&TEXT(Q54,"00000.00") -> CS10R_BW000.70_UV____C_S14335.40_E14336.10_DH____C_S12585.40_E12586.10 | G54: CS10R-1-2-[2][2] | H54: =VLOOKUP(G54,开关状态表!B:I,7,FALSE) -> 1 | I54: 22.4 | J54: 0.7 | K54: R | M54: 出租 | N54: =V54+I54 -> 14335.4 | O54: =N54+J54 -> 14336.1 | P54: =X54+I54 -> 12585.4 | Q54: =P54+J54 -> 12586.1 | R54: =VLOOKUP(VLOOKUP(G54,开关状态表!B:H,2,FALSE),矩阵信息表!B:H,2,FALSE) -> CS10R | S54: =VLOOKUP(G54,开关状态表!B:H,5,FALSE) -> RC6B | T54: =VLOOKUP(G54,开关状态表!B:H,6,FALSE) -> TC6B | U54: =VLOOKUP(R54&"-"&S54,通道清单!C:L,8,FALSE) -> 54 | V54: =VLOOKUP(R54&"-"&S54,通道清单!C:L,9,FALSE) -> 14313 | W54: =VLOOKUP(R54&"-"&S54,通道清单!C:L,10,FALSE) -> 14367 | X54: =VLOOKUP(R54&"-"&T54,通道清单!C:L,9,FALSE) -> 12563 | Y54: =VLOOKUP(R54&"-"&T54,通道清单!C:L,10,FALSE) -> 12617
A55: =ROW()-1 -> 54 | B55: =G55&"-"&"OFF"&I55&"-BW"&J55 -> CS10R-1-2-[2][2]-OFF23.1-BW10.4 | C55: =R55&"_BW"&TEXT(O55-N55,"000.00")&"_U"&VLOOKUP(R55&"-"&S55,通道清单!C:L,5,FALSE)&LEFT("_____",5-LEN(VLOOKUP(R55&"-"&S55,通道清单!C:L,4,FALSE)))&VLOOKUP(R55&"-"&S55,通道清单!C:L,4,FALSE)&"_S"&TEXT(N55,"00000.00")&"_E"&TEXT(O55,"00000.00")&"_D"&VLOOKUP(R55&"-"&T55,通道清单!C:L,5,FALSE)&LEFT("_____",5-LEN(VLOOKUP(R55&"-"&T55,通道清单!C:L,4,FALSE)))&VLOOKUP(R55&"-"&T55,通道清单!C:L,4,FALSE)&"_S"&TEXT(P55,"00000.00")&"_E"&TEXT(Q55,"00000.00") -> CS10R_BW010.40_UV____C_S14336.10_E14346.50_DH____C_S12586.10_E12596.50 | G55: CS10R-1-2-[2][2] | H55: =VLOOKUP(G55,开关状态表!B:I,7,FALSE) -> 1 | I55: 23.1 | J55: 10.4 | K55: P | M55: 出租 | N55: =V55+I55 -> 14336.1 | O55: =N55+J55 -> 14346.5 | P55: =X55+I55 -> 12586.1 | Q55: =P55+J55 -> 12596.5 | R55: =VLOOKUP(VLOOKUP(G55,开关状态表!B:H,2,FALSE),矩阵信息表!B:H,2,FALSE) -> CS10R | S55: =VLOOKUP(G55,开关状态表!B:H,5,FALSE) -> RC6B | T55: =VLOOKUP(G55,开关状态表!B:H,6,FALSE) -> TC6B | U55: =VLOOKUP(R55&"-"&S55,通道清单!C:L,8,FALSE) -> 54 | V55: =VLOOKUP(R55&"-"&S55,通道清单!C:L,9,FALSE) -> 14313 | W55: =VLOOKUP(R55&"-"&S55,通道清单!C:L,10,FALSE) -> 14367 | X55: =VLOOKUP(R55&"-"&T55,通道清单!C:L,9,FALSE) -> 12563 | Y55: =VLOOKUP(R55&"-"&T55,通道清单!C:L,10,FALSE) -> 12617
... A74: =ROW()-1 -> 73 | B74: =G74&"-"&"OFF"&I74&"-BW"&J74 -> CS10R-1-1-[13][13]-OFF8-BW44 | C74: =R74&"_BW"&TEXT(O74-N74,"000.00")&"_U"&VLOOKUP(R74&"-"&S74,通道清单!C:L,5,FALSE)&LEFT("_____",5-LEN(VLOOKUP(R74&"-"&S74,通道清单!C:L,4,FALSE)))&VLOOKUP(R74&"-"&S74,通道清单!C:L,4,FALSE)&"_S"&TEXT(N74,"00000.00")&"_E"&TEXT(O74,"00000.00")&"_D"&VLOOKUP(R74&"-"&T74,通道清单!C:L,5,FALSE)&LEFT("_____",5-LEN(VLOOKUP(R74&"-"&T74,通道清单!C:L,4,FALSE)))&VLOOKUP(R74&"-"&T74,通道清单!C:L,4,FALSE)&"_S"&TEXT(P74,"00000.00")&"_E"&TEXT(Q74,"00000.00") -> CS10R_BW044.00_UH____C_S13944.00_E13988.00_DV____C_S11644.00_E11688.00 | G74: CS10R-1-1-[13][13] | H74: =VLOOKUP(G74,开关状态表!B:I,7,FALSE) -> 1 | I74: 8 | J74: 44 | K74: P | M74: 出租 | N74: =V74+I74 -> 13944 | O74: =N74+J74 -> 13988 | P74: =X74+I74 -> 11644 | Q74: =P74+J74 -> 11688 | R74: =VLOOKUP(VLOOKUP(G74,开关状态表!B:H,2,FALSE),矩阵信息表!B:H,2,FALSE) -> CS10R | S74: =VLOOKUP(G74,开关状态表!B:H,5,FALSE) -> RC14A | T74: =VLOOKUP(G74,开关状态表!B:H,6,FALSE) -> TC14A | U74: =VLOOKUP(R74&"-"&S74,通道清单!C:L,8,FALSE) -> 52 | V74: =VLOOKUP(R74&"-"&S74,通道清单!C:L,9,FALSE) -> 13936 | W74: =VLOOKUP(R74&"-"&S74,通道清单!C:L,10,FALSE) -> 13988 | X74: =VLOOKUP(R74&"-"&T74,通道清单!C:L,9,FALSE) -> 11636 | Y74: =VLOOKUP(R74&"-"&T74,通道清单!C:L,10,FALSE) -> 11688
A75: =ROW()-1 -> 74 | B75: =G75&"-"&"OFF"&I75&"-BW"&J75 -> CS10R-1-7-[1][1]-OFF0-BW34 | C75: =R75&"_BW"&TEXT(O75-N75,"000.00")&"_U"&VLOOKUP(R75&"-"&S75,通道清单!C:L,5,FALSE)&LEFT("_____",5-LEN(VLOOKUP(R75&"-"&S75,通道清单!C:L,4,FALSE)))&VLOOKUP(R75&"-"&S75,通道清单!C:L,4,FALSE)&"_S"&TEXT(N75,"00000.00")&"_E"&TEXT(O75,"00000.00")&"_D"&VLOOKUP(R75&"-"&T75,通道清单!C:L,5,FALSE)&LEFT("_____",5-LEN(VLOOKUP(R75&"-"&T75,通道清单!C:L,4,FALSE)))&VLOOKUP(R75&"-"&T75,通道清单!C:L,4,FALSE)&"_S"&TEXT(P75,"00000.00")&"_E"&TEXT(Q75,"00000.00") -> CS10R_BW034.00_UV____C_S13762.00_E13796.00_DH____C_S11462.00_E11496.00 | G75: CS10R-1-7-[1][1] | H75: 0 | I75: 0 | J75: 34 | K75: N | M75: 出租 | N75: =V75+I75 -> 13762 | O75: =N75+J75 -> 13796 | P75: =X75+I75 -> 11462 | Q75: =P75+J75 -> 11496 | R75: =VLOOKUP(VLOOKUP(G75,开关状态表!B:H,2,FALSE),矩阵信息表!B:H,2,FALSE) -> CS10R | S75: =VLOOKUP(G75,开关状态表!B:H,5,FALSE) -> RC11B | T75: =VLOOKUP(G75,开关状态表!B:H,6,FALSE) -> TC11B | U75: =VLOOKUP(R75&"-"&S75,通道清单!C:L,8,FALSE) -> 34 | V75: =VLOOKUP(R75&"-"&S75,通道清单!C:L,9,FALSE) -> 13762 | W75: =VLOOKUP(R75&"-"&S75,通道清单!C:L,10,FALSE) -> 13796 | X75: =VLOOKUP(R75&"-"&T75,通道清单!C:L,9,FALSE) -> 11462 | Y75: =VLOOKUP(R75&"-"&T75,通道清单!C:L,10,FALSE) -> 11496
A76: =ROW()-1 -> 75 | B76: =G76&"-"&"OFF"&I76&"-BW"&J76 -> CS10R-1-7-[2][2]-OFF0-BW65 | C76: =R76&"_BW"&TEXT(O76-N76,"000.00")&"_U"&VLOOKUP(R76&"-"&S76,通道清单!C:L,5,FALSE)&LEFT("_____",5-LEN(VLOOKUP(R76&"-"&S76,通道清单!C:L,4,FALSE)))&VLOOKUP(R76&"-"&S76,通道清单!C:L,4,FALSE)&"_S"&TEXT(N76,"00000.00")&"_E"&TEXT(O76,"00000.00")&"_D"&VLOOKUP(R76&"-"&T76,通道清单!C:L,5,FALSE)&LEFT("_____",5-LEN(VLOOKUP(R76&"-"&T76,通道清单!C:L,4,FALSE)))&VLOOKUP(R76&"-"&T76,通道清单!C:L,4,FALSE)&"_S"&TEXT(P76,"00000.00")&"_E"&TEXT(Q76,"00000.00") -> CS10R_BW065.00_UV____C_S13806.00_E13871.00_DH____C_S11506.00_E11571.00 | G76: CS10R-1-7-[2][2] | H76: =VLOOKUP(G76,开关状态表!B:I,7,FALSE) -> 1 | I76: 0 | J76: 65 | K76: R | M76: 出租 | N76: =V76+I76 -> 13806 | O76: =N76+J76 -> 13871 | P76: =X76+I76 -> 11506 | Q76: =P76+J76 -> 11571 | R76: =VLOOKUP(VLOOKUP(G76,开关状态表!B:H,2,FALSE),矩阵信息表!B:H,2,FALSE) -> CS10R | S76: =VLOOKUP(G76,开关状态表!B:H,5,FALSE) -> RC12B | T76: =VLOOKUP(G76,开关状态表!B:H,6,FALSE) -> TC12B | U76: =VLOOKUP(R76&"-"&S76,通道清单!C:L,8,FALSE) -> 65 | V76: =VLOOKUP(R76&"-"&S76,通道清单!C:L,9,FALSE) -> 13806 | W76: =VLOOKUP(R76&"-"&S76,通道清单!C:L,10,FALSE) -> 13871 | X76: =VLOOKUP(R76&"-"&T76,通道清单!C:L,9,FALSE) -> 11506 | Y76: =VLOOKUP(R76&"-"&T76,通道清单!C:L,10,FALSE) -> 11571
A77: =ROW()-1 -> 76 | B77: =G77&"-"&"OFF"&I77&"-BW"&J77 -> CS10R-1-7-[3][3]-OFF0-BW52 | C77: =R77&"_BW"&TEXT(O77-N77,"000.00")&"_U"&VLOOKUP(R77&"-"&S77,通道清单!C:L,5,FALSE)&LEFT("_____",5-LEN(VLOOKUP(R77&"-"&S77,通道清单!C:L,4,FALSE)))&VLOOKUP(R77&"-"&S77,通道清单!C:L,4,FALSE)&"_S"&TEXT(N77,"00000.00")&"_E"&TEXT(O77,"00000.00")&"_D"&VLOOKUP(R77&"-"&T77,通道清单!C:L,5,FALSE)&LEFT("_____",5-LEN(VLOOKUP(R77&"-"&T77,通道清单!C:L,4,FALSE)))&VLOOKUP(R77&"-"&T77,通道清单!C:L,4,FALSE)&"_S"&TEXT(P77,"00000.00")&"_E"&TEXT(Q77,"00000.00") -> CS10R_BW052.00_UV____C_S13878.00_E13930.00_DH____C_S11578.00_E11630.00 | G77: CS10R-1-7-[3][3] | H77: =VLOOKUP(G77,开关状态表!B:I,7,FALSE) -> 1 | I77: 0 | J77: 52 | K77: R | M77: 出租 | N77: =V77+I77 -> 13878 | O77: =N77+J77 -> 13930 | P77: =X77+I77 -> 11578 | Q77: =P77+J77 -> 11630 | R77: =VLOOKUP(VLOOKUP(G77,开关状态表!B:H,2,FALSE),矩阵信息表!B:H,2,FALSE) -> CS10R | S77: =VLOOKUP(G77,开关状态表!B:H,5,FALSE) -> RC13B | T77: =VLOOKUP(G77,开关状态表!B:H,6,FALSE) -> TC13B | U77: =VLOOKUP(R77&"-"&S77,通道清单!C:L,8,FALSE) -> 52 | V77: =VLOOKUP(R77&"-"&S77,通道清单!C:L,9,FALSE) -> 13878 | W77: =VLOOKUP(R77&"-"&S77,通道清单!C:L,10,FALSE) -> 13930 | X77: =VLOOKUP(R77&"-"&T77,通道清单!C:L,9,FALSE) -> 11578 | Y77: =VLOOKUP(R77&"-"&T77,通道清单!C:L,10,FALSE) -> 11630
A78: =ROW()-1 -> 77 | B78: =G78&"-"&"OFF"&I78&"-BW"&J78 -> CS10R-1-7-[4][4]-OFF0-BW52 | C78: =R78&"_BW"&TEXT(O78-N78,"000.00")&"_U"&VLOOKUP(R78&"-"&S78,通道清单!C:L,5,FALSE)&LEFT("_____",5-LEN(VLOOKUP(R78&"-"&S78,通道清单!C:L,4,FALSE)))&VLOOKUP(R78&"-"&S78,通道清单!C:L,4,FALSE)&"_S"&TEXT(N78,"00000.00")&"_E"&TEXT(O78,"00000.00")&"_D"&VLOOKUP(R78&"-"&T78,通道清单!C:L,5,FALSE)&LEFT("_____",5-LEN(VLOOKUP(R78&"-"&T78,通道清单!C:L,4,FALSE)))&VLOOKUP(R78&"-"&T78,通道清单!C:L,4,FALSE)&"_S"&TEXT(P78,"00000.00")&"_E"&TEXT(Q78,"00000.00") -> CS10R_BW052.00_UV____C_S13936.00_E13988.00_DH____C_S11636.00_E11688.00 | G78: CS10R-1-7-[4][4] | H78: =VLOOKUP(G78,开关状态表!B:I,7,FALSE) -> 1 | I78: 0 | J78: 52 | K78: R | M78: 出租 | N78: =V78+I78 -> 13936 | O78: =N78+J78 -> 13988 | P78: =X78+I78 -> 11636 | Q78: =P78+J78 -> 11688 | R78: =VLOOKUP(VLOOKUP(G78,开关状态表!B:H,2,FALSE),矩阵信息表!B:H,2,FALSE) -> CS10R | S78: =VLOOKUP(G78,开关状态表!B:H,5,FALSE) -> RC14B | T78: =VLOOKUP(G78,开关状态表!B:H,6,FALSE) -> TC14B | U78: =VLOOKUP(R78&"-"&S78,通道清单!C:L,8,FALSE) -> 52 | V78: =VLOOKUP(R78&"-"&S78,通道清单!C:L,9,FALSE) -> 13936 | W78: =VLOOKUP(R78&"-"&S78,通道清单!C:L,10,FALSE) -> 13988 | X78: =VLOOKUP(R78&"-"&T78,通道清单!C:L,9,FALSE) -> 11636 | Y78: =VLOOKUP(R78&"-"&T78,通道清单!C:L,10,FALSE) -> 11688
A79: =ROW()-1 -> 78 | B79: =G79&"-"&"OFF"&I79&"-BW"&J79 -> CS10R-1-3-[1][1]-OFF0-BW54 | C79: =R79&"_BW"&TEXT(O79-N79,"000.00")&"_U"&VLOOKUP(R79&"-"&S79,通道清单!C:L,5,FALSE)&LEFT("_____",5-LEN(VLOOKUP(R79&"-"&S79,通道清单!C:L,4,FALSE)))&VLOOKUP(R79&"-"&S79,通道清单!C:L,4,FALSE)&"_S"&TEXT(N79,"00000.00")&"_E"&TEXT(O79,"00000.00")&"_D"&VLOOKUP(R79&"-"&T79,通道清单!C:L,5,FALSE)&LEFT("_____",5-LEN(VLOOKUP(R79&"-"&T79,通道清单!C:L,4,FALSE)))&VLOOKUP(R79&"-"&T79,通道清单!C:L,4,FALSE)&"_S"&TEXT(P79,"00000.00")&"_E"&TEXT(Q79,"00000.00") -> CS10R_BW054.00_UV____W_S14023.00_E14077.00_DH____W_S12263.00_E12317.00 | G79: CS10R-1-3-[1][1] | H79: =VLOOKUP(G79,开关状态表!B:I,7,FALSE) -> 1 | I79: 0 | J79: 54 | K79: R | M79: 出租 | N79: =V79+I79 -> 14023 | O79: =N79+J79 -> 14077 | P79: =X79+I79 -> 12263 | Q79: =P79+J79 -> 12317 | R79: =VLOOKUP(VLOOKUP(G79,开关状态表!B:H,2,FALSE),矩阵信息表!B:H,2,FALSE) -> CS10R | S79: =VLOOKUP(G79,开关状态表!B:H,5,FALSE) -> RW1B | T79: =VLOOKUP(G79,开关状态表!B:H,6,FALSE) -> TW1B | U79: =VLOOKUP(R79&"-"&S79,通道清单!C:L,8,FALSE) -> 54 | V79: =VLOOKUP(R79&"-"&S79,通道清单!C:L,9,FALSE) -> 14023 | W79: =VLOOKUP(R79&"-"&S79,通道清单!C:L,10,FALSE) -> 14077 | X79: =VLOOKUP(R79&"-"&T79,通道清单!C:L,9,FALSE) -> 12263 | Y79: =VLOOKUP(R79&"-"&T79,通道清单!C:L,10,FALSE) -> 12317
A80: =ROW()-1 -> 79 | B80: =G80&"-"&"OFF"&I80&"-BW"&J80 -> CS10R-1-3-[2][2]-OFF0-BW54 | C80: =R80&"_BW"&TEXT(O80-N80,"000.00")&"_U"&VLOOKUP(R80&"-"&S80,通道清单!C:L,5,FALSE)&LEFT("_____",5-LEN(VLOOKUP(R80&"-"&S80,通道清单!C:L,4,FALSE)))&VLOOKUP(R80&"-"&S80,通道清单!C:L,4,FALSE)&"_S"&TEXT(N80,"00000.00")&"_E"&TEXT(O80,"00000.00")&"_D"&VLOOKUP(R80&"-"&T80,通道清单!C:L,5,FALSE)&LEFT("_____",5-LEN(VLOOKUP(R80&"-"&T80,通道清单!C:L,4,FALSE)))&VLOOKUP(R80&"-"&T80,通道清单!C:L,4,FALSE)&"_S"&TEXT(P80,"00000.00")&"_E"&TEXT(Q80,"00000.00") -> CS10R_BW054.00_UV____W_S14073.00_E14127.00_DH____W_S12323.00_E12377.00 | G80: CS10R-1-3-[2][2] | H80: =VLOOKUP(G80,开关状态表!B:I,7,FALSE) -> 1 | I80: 0 | J80: 54 | K80: R | M80: 出租 | N80: =V80+I80 -> 14073 | O80: =N80+J80 -> 14127 | P80: =X80+I80 -> 12323 | Q80: =P80+J80 -> 12377 | R80: =VLOOKUP(VLOOKUP(G80,开关状态表!B:H,2,FALSE),矩阵信息表!B:H,2,FALSE) -> CS10R | S80: =VLOOKUP(G80,开关状态表!B:H,5,FALSE) -> RW2B | T80: =VLOOKUP(G80,开关状态表!B:H,6,FALSE) -> TW2B | U80: =VLOOKUP(R80&"-"&S80,通道清单!C:L,8,FALSE) -> 54 | V80: =VLOOKUP(R80&"-"&S80,通道清单!C:L,9,FALSE) -> 14073 | W80: =VLOOKUP(R80&"-"&S80,通道清单!C:L,10,FALSE) -> 14127 | X80: =VLOOKUP(R80&"-"&T80,通道清单!C:L,9,FALSE) -> 12323 | Y80: =VLOOKUP(R80&"-"&T80,通道清单!C:L,10,FALSE) -> 12377
A81: =ROW()-1 -> 80 | B81: =G81&"-"&"OFF"&I81&"-BW"&J81 -> CS10R-1-6-[8][8]-OFF0-BW54 | C81: =R81&"_BW"&TEXT(O81-N81,"000.00")&"_U"&VLOOKUP(R81&"-"&S81,通道清单!C:L,5,FALSE)&LEFT("_____",5-LEN(VLOOKUP(R81&"-"&S81,通道清单!C:L,4,FALSE)))&VLOOKUP(R81&"-"&S81,通道清单!C:L,4,FALSE)&"_S"&TEXT(N81,"00000.00")&"_E"&TEXT(O81,"00000.00")&"_D"&VLOOKUP(R81&"-"&T81,通道清单!C:L,5,FALSE)&LEFT("_____",5-LEN(VLOOKUP(R81&"-"&T81,通道清单!C:L,4,FALSE)))&VLOOKUP(R81&"-"&T81,通道清单!C:L,4,FALSE)&"_S"&TEXT(P81,"00000.00")&"_E"&TEXT(Q81,"00000.00") -> CS10R_BW054.00_UV____W_S14133.00_E14187.00_DH____W_S12383.00_E12437.00 | G81: CS10R-1-6-[8][8] | H81: =VLOOKUP(G81,开关状态表!B:I,7,FALSE) -> 1 | I81: 0 | J81: 54 | K81: R | M81: 出租 | N81: =V81+I81 -> 14133 | O81: =N81+J81 -> 14187 | P81: =X81+I81 -> 12383 | Q81: =P81+J81 -> 12437 | R81: =VLOOKUP(VLOOKUP(G81,开关状态表!B:H,2,FALSE),矩阵信息表!B:H,2,FALSE) -> CS10R | S81: =VLOOKUP(G81,开关状态表!B:H,5,FALSE) -> RW3B | T81: =VLOOKUP(G81,开关状态表!B:H,6,FALSE) -> TW3B | U81: =VLOOKUP(R81&"-"&S81,通道清单!C:L,8,FALSE) -> 54 | V81: =VLOOKUP(R81&"-"&S81,通道清单!C:L,9,FALSE) -> 14133 | W81: =VLOOKUP(R81&"-"&S81,通道清单!C:L,10,FALSE) -> 14187 | X81: =VLOOKUP(R81&"-"&T81,通道清单!C:L,9,FALSE) -> 12383 | Y81: =VLOOKUP(R81&"-"&T81,通道清单!C:L,10,FALSE) -> 12437
A82: =ROW()-1 -> 81 | B82: =G82&"-"&"OFF"&I82&"-BW"&J82 -> CS10R-1-5-[1][1]-OFF0-BW54 | C82: =R82&"_BW"&TEXT(O82-N82,"000.00")&"_U"&VLOOKUP(R82&"-"&S82,通道清单!C:L,5,FALSE)&LEFT("_____",5-LEN(VLOOKUP(R82&"-"&S82,通道清单!C:L,4,FALSE)))&VLOOKUP(R82&"-"&S82,通道清单!C:L,4,FALSE)&"_S"&TEXT(N82,"00000.00")&"_E"&TEXT(O82,"00000.00")&"_D"&VLOOKUP(R82&"-"&T82,通道清单!C:L,5,FALSE)&LEFT("_____",5-LEN(VLOOKUP(R82&"-"&T82,通道清单!C:L,4,FALSE)))&VLOOKUP(R82&"-"&T82,通道清单!C:L,4,FALSE)&"_S"&TEXT(P82,"00000.00")&"_E"&TEXT(Q82,"00000.00") -> CS10R_BW054.00_UH____I_S14223.00_E14277.00_DV____I_S12473.00_E12527.00 | G82: CS10R-1-5-[1][1] | H82: =VLOOKUP(G82,开关状态表!B:I,7,FALSE) -> 1 | I82: 0 | J82: 54 | K82: R | M82: 出租 | N82: =V82+I82 -> 14223 | O82: =N82+J82 -> 14277 | P82: =X82+I82 -> 12473 | Q82: =P82+J82 -> 12527 | R82: =VLOOKUP(VLOOKUP(G82,开关状态表!B:H,2,FALSE),矩阵信息表!B:H,2,FALSE) -> CS10R | S82: =VLOOKUP(G82,开关状态表!B:H,5,FALSE) -> RI5A | T82: =VLOOKUP(G82,开关状态表!B:H,6,FALSE) -> TI5A | U82: =VLOOKUP(R82&"-"&S82,通道清单!C:L,8,FALSE) -> 54 | V82: =VLOOKUP(R82&"-"&S82,通道清单!C:L,9,FALSE) -> 14223 | W82: =VLOOKUP(R82&"-"&S82,通道清单!C:L,10,FALSE) -> 14277 | X82: =VLOOKUP(R82&"-"&T82,通道清单!C:L,9,FALSE) -> 12473 | Y82: =VLOOKUP(R82&"-"&T82,通道清单!C:L,10,FALSE) -> 12527
A83: =ROW()-1 -> 82 | B83: =G83&"-"&"OFF"&I83&"-BW"&J83 -> CS10R-1-5-[2][2]-OFF0-BW54 | C83: =R83&"_BW"&TEXT(O83-N83,"000.00")&"_U"&VLOOKUP(R83&"-"&S83,通道清单!C:L,5,FALSE)&LEFT("_____",5-LEN(VLOOKUP(R83&"-"&S83,通道清单!C:L,4,FALSE)))&VLOOKUP(R83&"-"&S83,通道清单!C:L,4,FALSE)&"_S"&TEXT(N83,"00000.00")&"_E"&TEXT(O83,"00000.00")&"_D"&VLOOKUP(R83&"-"&T83,通道清单!C:L,5,FALSE)&LEFT("_____",5-LEN(VLOOKUP(R83&"-"&T83,通道清单!C:L,4,FALSE)))&VLOOKUP(R83&"-"&T83,通道清单!C:L,4,FALSE)&"_S"&TEXT(P83,"00000.00")&"_E"&TEXT(Q83,"00000.00") -> CS10R_BW054.00_UH____I_S14283.00_E14337.00_DV____I_S12533.00_E12587.00 | G83: CS10R-1-5-[2][2] | H83: =VLOOKUP(G83,开关状态表!B:I,7,FALSE) -> 1 | I83: 0 | J83: 54 | K83: R | M83: 出租 | N83: =V83+I83 -> 14283 | O83: =N83+J83 -> 14337 | P83: =X83+I83 -> 12533 | Q83: =P83+J83 -> 12587 | R83: =VLOOKUP(VLOOKUP(G83,开关状态表!B:H,2,FALSE),矩阵信息表!B:H,2,FALSE) -> CS10R | S83: =VLOOKUP(G83,开关状态表!B:H,5,FALSE) -> RI6A | T83: =VLOOKUP(G83,开关状态表!B:H,6,FALSE) -> TI6A | U83: =VLOOKUP(R83&"-"&S83,通道清单!C:L,8,FALSE) -> 54 | V83: =VLOOKUP(R83&"-"&S83,通道清单!C:L,9,FALSE) -> 14283 | W83: =VLOOKUP(R83&"-"&S83,通道清单!C:L,10,FALSE) -> 14337 | X83: =VLOOKUP(R83&"-"&T83,通道清单!C:L,9,FALSE) -> 12533 | Y83: =VLOOKUP(R83&"-"&T83,通道清单!C:L,10,FALSE) -> 12587
A84: =ROW()-1 -> 83 | B84: =G84&"-"&"OFF"&I84&"-BW"&J84 -> CS10R-1-5-[3][3]-OFF0-BW54 | C84: =R84&"_BW"&TEXT(O84-N84,"000.00")&"_U"&VLOOKUP(R84&"-"&S84,通道清单!C:L,5,FALSE)&LEFT("_____",5-LEN(VLOOKUP(R84&"-"&S84,通道清单!C:L,4,FALSE)))&VLOOKUP(R84&"-"&S84,通道清单!C:L,4,FALSE)&"_S"&TEXT(N84,"00000.00")&"_E"&TEXT(O84,"00000.00")&"_D"&VLOOKUP(R84&"-"&T84,通道清单!C:L,5,FALSE)&LEFT("_____",5-LEN(VLOOKUP(R84&"-"&T84,通道清单!C:L,4,FALSE)))&VLOOKUP(R84&"-"&T84,通道清单!C:L,4,FALSE)&"_S"&TEXT(P84,"00000.00")&"_E"&TEXT(Q84,"00000.00") -> CS10R_BW054.00_UH____I_S14343.00_E14397.00_DV____I_S12593.00_E12647.00 | G84: CS10R-1-5-[3][3] | H84: =VLOOKUP(G84,开关状态表!B:I,7,FALSE) -> 1 | I84: 0 | J84: 54 | K84: R | M84: 出租 | N84: =V84+I84 -> 14343 | O84: =N84+J84 -> 14397 | P84: =X84+I84 -> 12593 | Q84: =P84+J84 -> 12647 | R84: =VLOOKUP(VLOOKUP(G84,开关状态表!B:H,2,FALSE),矩阵信息表!B:H,2,FALSE) -> CS10R | S84: =VLOOKUP(G84,开关状态表!B:H,5,FALSE) -> RI7A | T84: =VLOOKUP(G84,开关状态表!B:H,6,FALSE) -> TI7A | U84: =VLOOKUP(R84&"-"&S84,通道清单!C:L,8,FALSE) -> 54 | V84: =VLOOKUP(R84&"-"&S84,通道清单!C:L,9,FALSE) -> 14343 | W84: =VLOOKUP(R84&"-"&S84,通道清单!C:L,10,FALSE) -> 14397 | X84: =VLOOKUP(R84&"-"&T84,通道清单!C:L,9,FALSE) -> 12593 | Y84: =VLOOKUP(R84&"-"&T84,通道清单!C:L,10,FALSE) -> 12647
A85: =ROW()-1 -> 84 | B85: =G85&"-"&"OFF"&I85&"-BW"&J85 -> CS10R-1-5-[4][4]-OFF0-BW54 | C85: =R85&"_BW"&TEXT(O85-N85,"000.00")&"_U"&VLOOKUP(R85&"-"&S85,通道清单!C:L,5,FALSE)&LEFT("_____",5-LEN(VLOOKUP(R85&"-"&S85,通道清单!C:L,4,FALSE)))&VLOOKUP(R85&"-"&S85,通道清单!C:L,4,FALSE)&"_S"&TEXT(N85,"00000.00")&"_E"&TEXT(O85,"00000.00")&"_D"&VLOOKUP(R85&"-"&T85,通道清单!C:L,5,FALSE)&LEFT("_____",5-LEN(VLOOKUP(R85&"-"&T85,通道清单!C:L,4,FALSE)))&VLOOKUP(R85&"-"&T85,通道清单!C:L,4,FALSE)&"_S"&TEXT(P85,"00000.00")&"_E"&TEXT(Q85,"00000.00") -> CS10R_BW054.00_UH____I_S14403.00_E14457.00_DV____I_S12653.00_E12707.00 | G85: CS10R-1-5-[4][4] | H85: =VLOOKUP(G85,开关状态表!B:I,7,FALSE) -> 1 | I85: 0 | J85: 54 | K85: R | M85: 出租 | N85: =V85+I85 -> 14403 | O85: =N85+J85 -> 14457 | P85: =X85+I85 -> 12653 | Q85: =P85+J85 -> 12707 | R85: =VLOOKUP(VLOOKUP(G85,开关状态表!B:H,2,FALSE),矩阵信息表!B:H,2,FALSE) -> CS10R | S85: =VLOOKUP(G85,开关状态表!B:H,5,FALSE) -> RI8A | T85: =VLOOKUP(G85,开关状态表!B:H,6,FALSE) -> TI8A | U85: =VLOOKUP(R85&"-"&S85,通道清单!C:L,8,FALSE) -> 54 | V85: =VLOOKUP(R85&"-"&S85,通道清单!C:L,9,FALSE) -> 14403 | W85: =VLOOKUP(R85&"-"&S85,通道清单!C:L,10,FALSE) -> 14457 | X85: =VLOOKUP(R85&"-"&T85,通道清单!C:L,9,FALSE) -> 12653 | Y85: =VLOOKUP(R85&"-"&T85,通道清单!C:L,10,FALSE) -> 12707
A86: =ROW()-1 -> 85 | B86: =G86&"-"&"OFF"&I86&"-BW"&J86 -> CS10R-1-6-[5][5]-OFF0-BW34 | C86: =R86&"_BW"&TEXT(O86-N86,"000.00")&"_U"&VLOOKUP(R86&"-"&S86,通道清单!C:L,5,FALSE)&LEFT("_____",5-LEN(VLOOKUP(R86&"-"&S86,通道清单!C:L,4,FALSE)))&VLOOKUP(R86&"-"&S86,通道清单!C:L,4,FALSE)&"_S"&TEXT(N86,"00000.00")&"_E"&TEXT(O86,"00000.00")&"_D"&VLOOKUP(R86&"-"&T86,通道清单!C:L,5,FALSE)&LEFT("_____",5-LEN(VLOOKUP(R86&"-"&T86,通道清单!C:L,4,FALSE)))&VLOOKUP(R86&"-"&T86,通道清单!C:L,4,FALSE)&"_S"&TEXT(P86,"00000.00")&"_E"&TEXT(Q86,"00000.00") -> CS10R_BW034.00_UV____E_S13762.00_E13796.00_DH____E_S11462.00_E11496.00 | G86: CS10R-1-6-[5][5] | H86: =VLOOKUP(G86,开关状态表!B:I,7,FALSE) -> 1 | I86: 0 | J86: 34 | K86: N | M86: 出租 | N86: =V86+I86 -> 13762 | O86: =N86+J86 -> 13796 | P86: =X86+I86 -> 11462 | Q86: =P86+J86 -> 11496 | R86: =VLOOKUP(VLOOKUP(G86,开关状态表!B:H,2,FALSE),矩阵信息表!B:H,2,FALSE) -> CS10R | S86: =VLOOKUP(G86,开关状态表!B:H,5,FALSE) -> RE11B | T86: =VLOOKUP(G86,开关状态表!B:H,6,FALSE) -> TE11B | U86: =VLOOKUP(R86&"-"&S86,通道清单!C:L,8,FALSE) -> 34 | V86: =VLOOKUP(R86&"-"&S86,通道清单!C:L,9,FALSE) -> 13762 | W86: =VLOOKUP(R86&"-"&S86,通道清单!C:L,10,FALSE) -> 13796 | X86: =VLOOKUP(R86&"-"&T86,通道清单!C:L,9,FALSE) -> 11462 | Y86: =VLOOKUP(R86&"-"&T86,通道清单!C:L,10,FALSE) -> 11496
A87: =ROW()-1 -> 86 | B87: =G87&"-"&"OFF"&I87&"-BW"&J87 -> CS10R-1-6-[6][6]-OFF0-BW65 | C87: =R87&"_BW"&TEXT(O87-N87,"000.00")&"_U"&VLOOKUP(R87&"-"&S87,通道清单!C:L,5,FALSE)&LEFT("_____",5-LEN(VLOOKUP(R87&"-"&S87,通道清单!C:L,4,FALSE)))&VLOOKUP(R87&"-"&S87,通道清单!C:L,4,FALSE)&"_S"&TEXT(N87,"00000.00")&"_E"&TEXT(O87,"00000.00")&"_D"&VLOOKUP(R87&"-"&T87,通道清单!C:L,5,FALSE)&LEFT("_____",5-LEN(VLOOKUP(R87&"-"&T87,通道清单!C:L,4,FALSE)))&VLOOKUP(R87&"-"&T87,通道清单!C:L,4,FALSE)&"_S"&TEXT(P87,"00000.00")&"_E"&TEXT(Q87,"00000.00") -> CS10R_BW065.00_UV____E_S13806.00_E13871.00_DH____E_S11506.00_E11571.00 | G87: CS10R-1-6-[6][6] | H87: =VLOOKUP(G87,开关状态表!B:I,7,FALSE) -> 1 | I87: 0 | J87: 65 | K87: R | M87: 出租 | N87: =V87+I87 -> 13806 | O87: =N87+J87 -> 13871 | P87: =X87+I87 -> 11506 | Q87: =P87+J87 -> 11571 | R87: =VLOOKUP(VLOOKUP(G87,开关状态表!B:H,2,FALSE),矩阵信息表!B:H,2,FALSE) -> CS10R | S87: =VLOOKUP(G87,开关状态表!B:H,5,FALSE) -> RE12B | T87: =VLOOKUP(G87,开关状态表!B:H,6,FALSE) -> TE12B | U87: =VLOOKUP(R87&"-"&S87,通道清单!C:L,8,FALSE) -> 65 | V87: =VLOOKUP(R87&"-"&S87,通道清单!C:L,9,FALSE) -> 13806 | W87: =VLOOKUP(R87&"-"&S87,通道清单!C:L,10,FALSE) -> 13871 | X87: =VLOOKUP(R87&"-"&T87,通道清单!C:L,9,FALSE) -> 11506 | Y87: =VLOOKUP(R87&"-"&T87,通道清单!C:L,10,FALSE) -> 11571
... A118: =ROW()-1 -> 117 | B118: =G118&"-"&"OFF"&I118&"-BW"&J118 -> CS12-1-1-[10][10]-OFF0-BW1.22 | C118: =R118&"_BW"&TEXT(O118-N118,"000.00")&"_U"&VLOOKUP(R118&"-"&S118,通道清单!C:L,5,FALSE)&LEFT("_____",5-LEN(VLOOKUP(R118&"-"&S118,通道清单!C:L,4,FALSE)))&VLOOKUP(R118&"-"&S118,通道清单!C:L,4,FALSE)&"_S"&TEXT(N118,"00000.00")&"_E"&TEXT(O118,"00000.00")&"_D"&VLOOKUP(R118&"-"&T118,通道清单!C:L,5,FALSE)&LEFT("_____",5-LEN(VLOOKUP(R118&"-"&T118,通道清单!C:L,4,FALSE)))&VLOOKUP(R118&"-"&T118,通道清单!C:L,4,FALSE)&"_S"&TEXT(P118,"00000.00")&"_E"&TEXT(Q118,"00000.00") -> CS12_BW001.22_UV____W_S06287.00_E06288.22_DH____W_S04062.00_E04063.22 | G118: CS12-1-1-[10][10] | H118: =VLOOKUP(G118,开关状态表!B:I,7,FALSE) -> 1 | I118: 0 | J118: 1.22 | K118: P | M118: 出租 | N118: =V118+I118 -> 6287 | O118: =N118+J118 -> 6288.22 | P118: =X118+I118 -> 4062 | Q118: =P118+J118 -> 4063.22 | R118: =VLOOKUP(VLOOKUP(G118,开关状态表!B:H,2,FALSE),矩阵信息表!B:H,2,FALSE) -> CS12 | S118: =VLOOKUP(G118,开关状态表!B:H,5,FALSE) -> RW12A | T118: =VLOOKUP(G118,开关状态表!B:H,6,FALSE) -> TW12A | U118: =VLOOKUP(R118&"-"&S118,通道清单!C:L,8,FALSE) -> 36 | V118: =VLOOKUP(R118&"-"&S118,通道清单!C:L,9,FALSE) -> 6287 | W118: =VLOOKUP(R118&"-"&S118,通道清单!C:L,10,FALSE) -> 6323 | X118: =VLOOKUP(R118&"-"&T118,通道清单!C:L,9,FALSE) -> 4062 | Y118: =VLOOKUP(R118&"-"&T118,通道清单!C:L,10,FALSE) -> 4098
A119: =ROW()-1 -> 118 | B119: =G119&"-"&"OFF"&I119&"-BW"&J119 -> CS12-1-1-[10][10]-OFF1.44-BW4 | C119: =R119&"_BW"&TEXT(O119-N119,"000.00")&"_U"&VLOOKUP(R119&"-"&S119,通道清单!C:L,5,FALSE)&LEFT("_____",5-LEN(VLOOKUP(R119&"-"&S119,通道清单!C:L,4,FALSE)))&VLOOKUP(R119&"-"&S119,通道清单!C:L,4,FALSE)&"_S"&TEXT(N119,"00000.00")&"_E"&TEXT(O119,"00000.00")&"_D"&VLOOKUP(R119&"-"&T119,通道清单!C:L,5,FALSE)&LEFT("_____",5-LEN(VLOOKUP(R119&"-"&T119,通道清单!C:L,4,FALSE)))&VLOOKUP(R119&"-"&T119,通道清单!C:L,4,FALSE)&"_S"&TEXT(P119,"00000.00")&"_E"&TEXT(Q119,"00000.00") -> CS12_BW004.00_UV____W_S06288.44_E06292.44_DH____W_S04063.44_E04067.44 | G119: CS12-1-1-[10][10] | H119: 1 | I119: 1.44 | J119: 4 | K119: P | M119: 出租 | N119: =V119+I119 -> 6288.44 | O119: =N119+J119 -> 6292.44 | P119: =X119+I119 -> 4063.44 | Q119: =P119+J119 -> 4067.44 | R119: =VLOOKUP(VLOOKUP(G119,开关状态表!B:H,2,FALSE),矩阵信息表!B:H,2,FALSE) -> CS12 | S119: =VLOOKUP(G119,开关状态表!B:H,5,FALSE) -> RW12A | T119: =VLOOKUP(G119,开关状态表!B:H,6,FALSE) -> TW12A | U119: =VLOOKUP(R119&"-"&S119,通道清单!C:L,8,FALSE) -> 36 | V119: =VLOOKUP(R119&"-"&S119,通道清单!C:L,9,FALSE) -> 6287 | W119: =VLOOKUP(R119&"-"&S119,通道清单!C:L,10,FALSE) -> 6323 | X119: =VLOOKUP(R119&"-"&T119,通道清单!C:L,9,FALSE) -> 4062 | Y119: =VLOOKUP(R119&"-"&T119,通道清单!C:L,10,FALSE) -> 4098
A120: =ROW()-1 -> 119 | B120: =G120&"-"&"OFF"&I120&"-BW"&J120 -> CS12-1-1-[10][10]-OFF5.44-BW11 | C120: =R120&"_BW"&TEXT(O120-N120,"000.00")&"_U"&VLOOKUP(R120&"-"&S120,通道清单!C:L,5,FALSE)&LEFT("_____",5-LEN(VLOOKUP(R120&"-"&S120,通道清单!C:L,4,FALSE)))&VLOOKUP(R120&"-"&S120,通道清单!C:L,4,FALSE)&"_S"&TEXT(N120,"00000.00")&"_E"&TEXT(O120,"00000.00")&"_D"&VLOOKUP(R120&"-"&T120,通道清单!C:L,5,FALSE)&LEFT("_____",5-LEN(VLOOKUP(R120&"-"&T120,通道清单!C:L,4,FALSE)))&VLOOKUP(R120&"-"&T120,通道清单!C:L,4,FALSE)&"_S"&TEXT(P120,"00000.00")&"_E"&TEXT(Q120,"00000.00") -> CS12_BW011.00_UV____W_S06292.44_E06303.44_DH____W_S04067.44_E04078.44 | G120: CS12-1-1-[10][10] | H120: 1 | I120: 5.44 | J120: 11 | K120: P | M120: 出租 | N120: =V120+I120 -> 6292.44 | O120: =N120+J120 -> 6303.44 | P120: =X120+I120 -> 4067.44 | Q120: =P120+J120 -> 4078.44 | R120: =VLOOKUP(VLOOKUP(G120,开关状态表!B:H,2,FALSE),矩阵信息表!B:H,2,FALSE) -> CS12 | S120: =VLOOKUP(G120,开关状态表!B:H,5,FALSE) -> RW12A | T120: =VLOOKUP(G120,开关状态表!B:H,6,FALSE) -> TW12A | U120: =VLOOKUP(R120&"-"&S120,通道清单!C:L,8,FALSE) -> 36 | V120: =VLOOKUP(R120&"-"&S120,通道清单!C:L,9,FALSE) -> 6287 | W120: =VLOOKUP(R120&"-"&S120,通道清单!C:L,10,FALSE) -> 6323 | X120: =VLOOKUP(R120&"-"&T120,通道清单!C:L,9,FALSE) -> 4062 | Y120: =VLOOKUP(R120&"-"&T120,通道清单!C:L,10,FALSE) -> 4098
A121: =ROW()-1 -> 120 | B121: =G121&"-"&"OFF"&I121&"-BW"&J121 -> CS12-1-1-[10][10]-OFF16.44-BW0.5 | C121: =R121&"_BW"&TEXT(O121-N121,"000.00")&"_U"&VLOOKUP(R121&"-"&S121,通道清单!C:L,5,FALSE)&LEFT("_____",5-LEN(VLOOKUP(R121&"-"&S121,通道清单!C:L,4,FALSE)))&VLOOKUP(R121&"-"&S121,通道清单!C:L,4,FALSE)&"_S"&TEXT(N121,"00000.00")&"_E"&TEXT(O121,"00000.00")&"_D"&VLOOKUP(R121&"-"&T121,通道清单!C:L,5,FALSE)&LEFT("_____",5-LEN(VLOOKUP(R121&"-"&T121,通道清单!C:L,4,FALSE)))&VLOOKUP(R121&"-"&T121,通道清单!C:L,4,FALSE)&"_S"&TEXT(P121,"00000.00")&"_E"&TEXT(Q121,"00000.00") -> CS12_BW000.50_UV____W_S06303.44_E06303.94_DH____W_S04078.44_E04078.94 | G121: CS12-1-1-[10][10] | H121: =VLOOKUP(G121,开关状态表!B:I,7,FALSE) -> 1 | I121: 16.44 | J121: 0.5 | K121: P | M121: 出租 | N121: =V121+I121 -> 6303.44 | O121: =N121+J121 -> 6303.94 | P121: =X121+I121 -> 4078.44 | Q121: =P121+J121 -> 4078.94 | R121: =VLOOKUP(VLOOKUP(G121,开关状态表!B:H,2,FALSE),矩阵信息表!B:H,2,FALSE) -> CS12 | S121: =VLOOKUP(G121,开关状态表!B:H,5,FALSE) -> RW12A | T121: =VLOOKUP(G121,开关状态表!B:H,6,FALSE) -> TW12A | U121: =VLOOKUP(R121&"-"&S121,通道清单!C:L,8,FALSE) -> 36 | V121: =VLOOKUP(R121&"-"&S121,通道清单!C:L,9,FALSE) -> 6287 | W121: =VLOOKUP(R121&"-"&S121,通道清单!C:L,10,FALSE) -> 6323 | X121: =VLOOKUP(R121&"-"&T121,通道清单!C:L,9,FALSE) -> 4062 | Y121: =VLOOKUP(R121&"-"&T121,通道清单!C:L,10,FALSE) -> 4098
A122: =ROW()-1 -> 121 | B122: =G122&"-"&"OFF"&I122&"-BW"&J122 -> CS12-1-1-[10][10]-OFF16.94-BW7 | C122: =R122&"_BW"&TEXT(O122-N122,"000.00")&"_U"&VLOOKUP(R122&"-"&S122,通道清单!C:L,5,FALSE)&LEFT("_____",5-LEN(VLOOKUP(R122&"-"&S122,通道清单!C:L,4,FALSE)))&VLOOKUP(R122&"-"&S122,通道清单!C:L,4,FALSE)&"_S"&TEXT(N122,"00000.00")&"_E"&TEXT(O122,"00000.00")&"_D"&VLOOKUP(R122&"-"&T122,通道清单!C:L,5,FALSE)&LEFT("_____",5-LEN(VLOOKUP(R122&"-"&T122,通道清单!C:L,4,FALSE)))&VLOOKUP(R122&"-"&T122,通道清单!C:L,4,FALSE)&"_S"&TEXT(P122,"00000.00")&"_E"&TEXT(Q122,"00000.00") -> CS12_BW007.00_UV____W_S06303.94_E06310.94_DH____W_S04078.94_E04085.94 | G122: CS12-1-1-[10][10] | H122: =VLOOKUP(G122,开关状态表!B:I,7,FALSE) -> 1 | I122: 16.94 | J122: 7 | K122: P | M122: 出租 | N122: =V122+I122 -> 6303.94 | O122: =N122+J122 -> 6310.94 | P122: =X122+I122 -> 4078.94 | Q122: =P122+J122 -> 4085.94 | R122: =VLOOKUP(VLOOKUP(G122,开关状态表!B:H,2,FALSE),矩阵信息表!B:H,2,FALSE) -> CS12 | S122: =VLOOKUP(G122,开关状态表!B:H,5,FALSE) -> RW12A | T122: =VLOOKUP(G122,开关状态表!B:H,6,FALSE) -> TW12A | U122: =VLOOKUP(R122&"-"&S122,通道清单!C:L,8,FALSE) -> 36 | V122: =VLOOKUP(R122&"-"&S122,通道清单!C:L,9,FALSE) -> 6287 | W122: =VLOOKUP(R122&"-"&S122,通道清单!C:L,10,FALSE) -> 6323 | X122: =VLOOKUP(R122&"-"&T122,通道清单!C:L,9,FALSE) -> 4062 | Y122: =VLOOKUP(R122&"-"&T122,通道清单!C:L,10,FALSE) -> 4098
A123: =ROW()-1 -> 122 | B123: =G123&"-"&"OFF"&I123&"-BW"&J123 -> CS12-1-1-[10][10]-OFF23.94-BW11.84 | C123: =R123&"_BW"&TEXT(O123-N123,"000.00")&"_U"&VLOOKUP(R123&"-"&S123,通道清单!C:L,5,FALSE)&LEFT("_____",5-LEN(VLOOKUP(R123&"-"&S123,通道清单!C:L,4,FALSE)))&VLOOKUP(R123&"-"&S123,通道清单!C:L,4,FALSE)&"_S"&TEXT(N123,"00000.00")&"_E"&TEXT(O123,"00000.00")&"_D"&VLOOKUP(R123&"-"&T123,通道清单!C:L,5,FALSE)&LEFT("_____",5-LEN(VLOOKUP(R123&"-"&T123,通道清单!C:L,4,FALSE)))&VLOOKUP(R123&"-"&T123,通道清单!C:L,4,FALSE)&"_S"&TEXT(P123,"00000.00")&"_E"&TEXT(Q123,"00000.00") -> CS12_BW011.84_UV____W_S06310.94_E06322.78_DH____W_S04085.94_E04097.78 | G123: CS12-1-1-[10][10] | H123: =VLOOKUP(G123,开关状态表!B:I,7,FALSE) -> 1 | I123: 23.94 | J123: 11.84 | K123: P | M123: 出租 | N123: =V123+I123 -> 6310.94 | O123: =N123+J123 -> 6322.78 | P123: =X123+I123 -> 4085.94 | Q123: =P123+J123 -> 4097.78 | R123: =VLOOKUP(VLOOKUP(G123,开关状态表!B:H,2,FALSE),矩阵信息表!B:H,2,FALSE) -> CS12 | S123: =VLOOKUP(G123,开关状态表!B:H,5,FALSE) -> RW12A | T123: =VLOOKUP(G123,开关状态表!B:H,6,FALSE) -> TW12A | U123: =VLOOKUP(R123&"-"&S123,通道清单!C:L,8,FALSE) -> 36 | V123: =VLOOKUP(R123&"-"&S123,通道清单!C:L,9,FALSE) -> 6287 | W123: =VLOOKUP(R123&"-"&S123,通道清单!C:L,10,FALSE) -> 6323 | X123: =VLOOKUP(R123&"-"&T123,通道清单!C:L,9,FALSE) -> 4062 | Y123: =VLOOKUP(R123&"-"&T123,通道清单!C:L,10,FALSE) -> 4098
A124: =ROW()-1 -> 123 | B124: =G124&"-"&"OFF"&I124&"-BW"&J124 -> CS12-1-1-[10][10]-OFF35.78-BW0.22 | C124: =R124&"_BW"&TEXT(O124-N124,"000.00")&"_U"&VLOOKUP(R124&"-"&S124,通道清单!C:L,5,FALSE)&LEFT("_____",5-LEN(VLOOKUP(R124&"-"&S124,通道清单!C:L,4,FALSE)))&VLOOKUP(R124&"-"&S124,通道清单!C:L,4,FALSE)&"_S"&TEXT(N124,"00000.00")&"_E"&TEXT(O124,"00000.00")&"_D"&VLOOKUP(R124&"-"&T124,通道清单!C:L,5,FALSE)&LEFT("_____",5-LEN(VLOOKUP(R124&"-"&T124,通道清单!C:L,4,FALSE)))&VLOOKUP(R124&"-"&T124,通道清单!C:L,4,FALSE)&"_S"&TEXT(P124,"00000.00")&"_E"&TEXT(Q124,"00000.00") -> CS12_BW000.22_UV____W_S06322.78_E06323.00_DH____W_S04097.78_E04098.00 | G124: CS12-1-1-[10][10] | H124: =VLOOKUP(G124,开关状态表!B:I,7,FALSE) -> 1 | I124: 35.78 | J124: 0.22 | K124: R | M124: 出租 | N124: =V124+I124 -> 6322.78 | O124: =N124+J124 -> 6323 | P124: =X124+I124 -> 4097.78 | Q124: =P124+J124 -> 4098 | R124: =VLOOKUP(VLOOKUP(G124,开关状态表!B:H,2,FALSE),矩阵信息表!B:H,2,FALSE) -> CS12 | S124: =VLOOKUP(G124,开关状态表!B:H,5,FALSE) -> RW12A | T124: =VLOOKUP(G124,开关状态表!B:H,6,FALSE) -> TW12A | U124: =VLOOKUP(R124&"-"&S124,通道清单!C:L,8,FALSE) -> 36 | V124: =VLOOKUP(R124&"-"&S124,通道清单!C:L,9,FALSE) -> 6287 | W124: =VLOOKUP(R124&"-"&S124,通道清单!C:L,10,FALSE) -> 6323 | X124: =VLOOKUP(R124&"-"&T124,通道清单!C:L,9,FALSE) -> 4062 | Y124: =VLOOKUP(R124&"-"&T124,通道清单!C:L,10,FALSE) -> 4098
A125: =ROW()-1 -> 124 | B125: =G125&"-"&"OFF"&I125&"-BW"&J125 -> CS12-1-1-[11][11]-OFF0-BW36 | C125: =R125&"_BW"&TEXT(O125-N125,"000.00")&"_U"&VLOOKUP(R125&"-"&S125,通道清单!C:L,5,FALSE)&LEFT("_____",5-LEN(VLOOKUP(R125&"-"&S125,通道清单!C:L,4,FALSE)))&VLOOKUP(R125&"-"&S125,通道清单!C:L,4,FALSE)&"_S"&TEXT(N125,"00000.00")&"_E"&TEXT(O125,"00000.00")&"_D"&VLOOKUP(R125&"-"&T125,通道清单!C:L,5,FALSE)&LEFT("_____",5-LEN(VLOOKUP(R125&"-"&T125,通道清单!C:L,4,FALSE)))&VLOOKUP(R125&"-"&T125,通道清单!C:L,4,FALSE)&"_S"&TEXT(P125,"00000.00")&"_E"&TEXT(Q125,"00000.00") -> CS12_BW036.00_UV____W_S06327.00_E06363.00_DH____W_S04102.00_E04138.00 | G125: CS12-1-1-[11][11] | H125: =VLOOKUP(G125,开关状态表!B:I,7,FALSE) -> 1 | I125: 0 | J125: 36 | K125: P | M125: 出租 | N125: =V125+I125 -> 6327 | O125: =N125+J125 -> 6363 | P125: =X125+I125 -> 4102 | Q125: =P125+J125 -> 4138 | R125: =VLOOKUP(VLOOKUP(G125,开关状态表!B:H,2,FALSE),矩阵信息表!B:H,2,FALSE) -> CS12 | S125: =VLOOKUP(G125,开关状态表!B:H,5,FALSE) -> RW13A | T125: =VLOOKUP(G125,开关状态表!B:H,6,FALSE) -> TW13A | U125: =VLOOKUP(R125&"-"&S125,通道清单!C:L,8,FALSE) -> 36 | V125: =VLOOKUP(R125&"-"&S125,通道清单!C:L,9,FALSE) -> 6327 | W125: =VLOOKUP(R125&"-"&S125,通道清单!C:L,10,FALSE) -> 6363 | X125: =VLOOKUP(R125&"-"&T125,通道清单!C:L,9,FALSE) -> 4102 | Y125: =VLOOKUP(R125&"-"&T125,通道清单!C:L,10,FALSE) -> 4138
A126: =ROW()-1 -> 125 | B126: =G126&"-"&"OFF"&I126&"-BW"&J126 -> CS12-1-1-[12][12]-OFF0-BW36 | C126: =R126&"_BW"&TEXT(O126-N126,"000.00")&"_U"&VLOOKUP(R126&"-"&S126,通道清单!C:L,5,FALSE)&LEFT("_____",5-LEN(VLOOKUP(R126&"-"&S126,通道清单!C:L,4,FALSE)))&VLOOKUP(R126&"-"&S126,通道清单!C:L,4,FALSE)&"_S"&TEXT(N126,"00000.00")&"_E"&TEXT(O126,"00000.00")&"_D"&VLOOKUP(R126&"-"&T126,通道清单!C:L,5,FALSE)&LEFT("_____",5-LEN(VLOOKUP(R126&"-"&T126,通道清单!C:L,4,FALSE)))&VLOOKUP(R126&"-"&T126,通道清单!C:L,4,FALSE)&"_S"&TEXT(P126,"00000.00")&"_E"&TEXT(Q126,"00000.00") -> CS12_BW036.00_UV____W_S06367.00_E06403.00_DH____W_S04142.00_E04178.00 | G126: CS12-1-1-[12][12] | H126: =VLOOKUP(G126,开关状态表!B:I,7,FALSE) -> 1 | I126: 0 | J126: 36 | K126: P | M126: 出租 | N126: =V126+I126 -> 6367 | O126: =N126+J126 -> 6403 | P126: =X126+I126 -> 4142 | Q126: =P126+J126 -> 4178 | R126: =VLOOKUP(VLOOKUP(G126,开关状态表!B:H,2,FALSE),矩阵信息表!B:H,2,FALSE) -> CS12 | S126: =VLOOKUP(G126,开关状态表!B:H,5,FALSE) -> RW14A | T126: =VLOOKUP(G126,开关状态表!B:H,6,FALSE) -> TW14A | U126: =VLOOKUP(R126&"-"&S126,通道清单!C:L,8,FALSE) -> 36 | V126: =VLOOKUP(R126&"-"&S126,通道清单!C:L,9,FALSE) -> 6367 | W126: =VLOOKUP(R126&"-"&S126,通道清单!C:L,10,FALSE) -> 6403 | X126: =VLOOKUP(R126&"-"&T126,通道清单!C:L,9,FALSE) -> 4142 | Y126: =VLOOKUP(R126&"-"&T126,通道清单!C:L,10,FALSE) -> 4178
A127: =ROW()-1 -> 126 | B127: =G127&"-"&"OFF"&I127&"-BW"&J127 -> CS12-1-1-[13][13]-OFF-2-BW9 | C127: =R127&"_BW"&TEXT(O127-N127,"000.00")&"_U"&VLOOKUP(R127&"-"&S127,通道清单!C:L,5,FALSE)&LEFT("_____",5-LEN(VLOOKUP(R127&"-"&S127,通道清单!C:L,4,FALSE)))&VLOOKUP(R127&"-"&S127,通道清单!C:L,4,FALSE)&"_S"&TEXT(N127,"00000.00")&"_E"&TEXT(O127,"00000.00")&"_D"&VLOOKUP(R127&"-"&T127,通道清单!C:L,5,FALSE)&LEFT("_____",5-LEN(VLOOKUP(R127&"-"&T127,通道清单!C:L,4,FALSE)))&VLOOKUP(R127&"-"&T127,通道清单!C:L,4,FALSE)&"_S"&TEXT(P127,"00000.00")&"_E"&TEXT(Q127,"00000.00") -> CS12_BW009.00_UH____W_S05945.00_E05954.00_DV____W_S03720.00_E03729.00 | G127: CS12-1-1-[13][13] | H127: =VLOOKUP(G127,开关状态表!B:I,7,FALSE) -> 1 | I127: -2 | J127: 9 | K127: P | M127: 出租 | N127: =V127+I127 -> 5945 | O127: =N127+J127 -> 5954 | P127: =X127+I127 -> 3720 | Q127: =P127+J127 -> 3729 | R127: =VLOOKUP(VLOOKUP(G127,开关状态表!B:H,2,FALSE),矩阵信息表!B:H,2,FALSE) -> CS12 | S127: =VLOOKUP(G127,开关状态表!B:H,5,FALSE) -> RW3B | T127: =VLOOKUP(G127,开关状态表!B:H,6,FALSE) -> TW3B | U127: =VLOOKUP(R127&"-"&S127,通道清单!C:L,8,FALSE) -> 36 | V127: =VLOOKUP(R127&"-"&S127,通道清单!C:L,9,FALSE) -> 5947 | W127: =VLOOKUP(R127&"-"&S127,通道清单!C:L,10,FALSE) -> 5983 | X127: =VLOOKUP(R127&"-"&T127,通道清单!C:L,9,FALSE) -> 3722 | Y127: =VLOOKUP(R127&"-"&T127,通道清单!C:L,10,FALSE) -> 3758
A128: =ROW()-1 -> 127 | B128: =G128&"-"&"OFF"&I128&"-BW"&J128 -> CS12-1-1-[13][13]-OFF7-BW16 | C128: =R128&"_BW"&TEXT(O128-N128,"000.00")&"_U"&VLOOKUP(R128&"-"&S128,通道清单!C:L,5,FALSE)&LEFT("_____",5-LEN(VLOOKUP(R128&"-"&S128,通道清单!C:L,4,FALSE)))&VLOOKUP(R128&"-"&S128,通道清单!C:L,4,FALSE)&"_S"&TEXT(N128,"00000.00")&"_E"&TEXT(O128,"00000.00")&"_D"&VLOOKUP(R128&"-"&T128,通道清单!C:L,5,FALSE)&LEFT("_____",5-LEN(VLOOKUP(R128&"-"&T128,通道清单!C:L,4,FALSE)))&VLOOKUP(R128&"-"&T128,通道清单!C:L,4,FALSE)&"_S"&TEXT(P128,"00000.00")&"_E"&TEXT(Q128,"00000.00") -> CS12_BW016.00_UH____W_S05954.00_E05970.00_DV____W_S03729.00_E03745.00 | G128: CS12-1-1-[13][13] | H128: =VLOOKUP(G128,开关状态表!B:I,7,FALSE) -> 1 | I128: 7 | J128: 16 | K128: P | M128: 出租 | N128: =V128+I128 -> 5954 | O128: =N128+J128 -> 5970 | P128: =X128+I128 -> 3729 | Q128: =P128+J128 -> 3745 | R128: =VLOOKUP(VLOOKUP(G128,开关状态表!B:H,2,FALSE),矩阵信息表!B:H,2,FALSE) -> CS12 | S128: =VLOOKUP(G128,开关状态表!B:H,5,FALSE) -> RW3B | T128: =VLOOKUP(G128,开关状态表!B:H,6,FALSE) -> TW3B | U128: =VLOOKUP(R128&"-"&S128,通道清单!C:L,8,FALSE) -> 36 | V128: =VLOOKUP(R128&"-"&S128,通道清单!C:L,9,FALSE) -> 5947 | W128: =VLOOKUP(R128&"-"&S128,通道清单!C:L,10,FALSE) -> 5983 | X128: =VLOOKUP(R128&"-"&T128,通道清单!C:L,9,FALSE) -> 3722 | Y128: =VLOOKUP(R128&"-"&T128,通道清单!C:L,10,FALSE) -> 3758
A129: =ROW()-1 -> 128 | B129: =G129&"-"&"OFF"&I129&"-BW"&J129 -> CS12-1-1-[13][13]-OFF21-BW4 | C129: =R129&"_BW"&TEXT(O129-N129,"000.00")&"_U"&VLOOKUP(R129&"-"&S129,通道清单!C:L,5,FALSE)&LEFT("_____",5-LEN(VLOOKUP(R129&"-"&S129,通道清单!C:L,4,FALSE)))&VLOOKUP(R129&"-"&S129,通道清单!C:L,4,FALSE)&"_S"&TEXT(N129,"00000.00")&"_E"&TEXT(O129,"00000.00")&"_D"&VLOOKUP(R129&"-"&T129,通道清单!C:L,5,FALSE)&LEFT("_____",5-LEN(VLOOKUP(R129&"-"&T129,通道清单!C:L,4,FALSE)))&VLOOKUP(R129&"-"&T129,通道清单!C:L,4,FALSE)&"_S"&TEXT(P129,"00000.00")&"_E"&TEXT(Q129,"00000.00") -> CS12_BW004.00_UH____W_S05968.00_E05972.00_DV____W_S03743.00_E03747.00 | G129: CS12-1-1-[13][13] | H129: 1 | I129: 21 | J129: 4 | K129: P | M129: 出租 | N129: =V129+I129 -> 5968 | O129: =N129+J129 -> 5972 | P129: =X129+I129 -> 3743 | Q129: =P129+J129 -> 3747 | R129: =VLOOKUP(VLOOKUP(G129,开关状态表!B:H,2,FALSE),矩阵信息表!B:H,2,FALSE) -> CS12 | S129: =VLOOKUP(G129,开关状态表!B:H,5,FALSE) -> RW3B | T129: =VLOOKUP(G129,开关状态表!B:H,6,FALSE) -> TW3B | U129: =VLOOKUP(R129&"-"&S129,通道清单!C:L,8,FALSE) -> 36 | V129: =VLOOKUP(R129&"-"&S129,通道清单!C:L,9,FALSE) -> 5947 | W129: =VLOOKUP(R129&"-"&S129,通道清单!C:L,10,FALSE) -> 5983 | X129: =VLOOKUP(R129&"-"&T129,通道清单!C:L,9,FALSE) -> 3722 | Y129: =VLOOKUP(R129&"-"&T129,通道清单!C:L,10,FALSE) -> 3758
A130: =ROW()-1 -> 129 | B130: =G130&"-"&"OFF"&I130&"-BW"&J130 -> CS12-1-1-[13][13]-OFF27-BW11 | C130: =R130&"_BW"&TEXT(O130-N130,"000.00")&"_U"&VLOOKUP(R130&"-"&S130,通道清单!C:L,5,FALSE)&LEFT("_____",5-LEN(VLOOKUP(R130&"-"&S130,通道清单!C:L,4,FALSE)))&VLOOKUP(R130&"-"&S130,通道清单!C:L,4,FALSE)&"_S"&TEXT(N130,"00000.00")&"_E"&TEXT(O130,"00000.00")&"_D"&VLOOKUP(R130&"-"&T130,通道清单!C:L,5,FALSE)&LEFT("_____",5-LEN(VLOOKUP(R130&"-"&T130,通道清单!C:L,4,FALSE)))&VLOOKUP(R130&"-"&T130,通道清单!C:L,4,FALSE)&"_S"&TEXT(P130,"00000.00")&"_E"&TEXT(Q130,"00000.00") -> CS12_BW011.00_UH____W_S05974.00_E05985.00_DV____W_S03749.00_E03760.00 | G130: CS12-1-1-[13][13] | H130: =VLOOKUP(G130,开关状态表!B:I,7,FALSE) -> 1 | I130: 27 | J130: 11 | K130: P | M130: 出租 | N130: =V130+I130 -> 5974 | O130: =N130+J130 -> 5985 | P130: =X130+I130 -> 3749 | Q130: =P130+J130 -> 3760 | R130: =VLOOKUP(VLOOKUP(G130,开关状态表!B:H,2,FALSE),矩阵信息表!B:H,2,FALSE) -> CS12 | S130: =VLOOKUP(G130,开关状态表!B:H,5,FALSE) -> RW3B | T130: =VLOOKUP(G130,开关状态表!B:H,6,FALSE) -> TW3B | U130: =VLOOKUP(R130&"-"&S130,通道清单!C:L,8,FALSE) -> 36 | V130: =VLOOKUP(R130&"-"&S130,通道清单!C:L,9,FALSE) -> 5947 | W130: =VLOOKUP(R130&"-"&S130,通道清单!C:L,10,FALSE) -> 5983 | X130: =VLOOKUP(R130&"-"&T130,通道清单!C:L,9,FALSE) -> 3722 | Y130: =VLOOKUP(R130&"-"&T130,通道清单!C:L,10,FALSE) -> 3758
A131: =ROW()-1 -> 130 | B131: =G131&"-"&"OFF"&I131&"-BW"&J131 -> CS12-1-1-[14][14]-OFF0-BW36 | C131: =R131&"_BW"&TEXT(O131-N131,"000.00")&"_U"&VLOOKUP(R131&"-"&S131,通道清单!C:L,5,FALSE)&LEFT("_____",5-LEN(VLOOKUP(R131&"-"&S131,通道清单!C:L,4,FALSE)))&VLOOKUP(R131&"-"&S131,通道清单!C:L,4,FALSE)&"_S"&TEXT(N131,"00000.00")&"_E"&TEXT(O131,"00000.00")&"_D"&VLOOKUP(R131&"-"&T131,通道清单!C:L,5,FALSE)&LEFT("_____",5-LEN(VLOOKUP(R131&"-"&T131,通道清单!C:L,4,FALSE)))&VLOOKUP(R131&"-"&T131,通道清单!C:L,4,FALSE)&"_S"&TEXT(P131,"00000.00")&"_E"&TEXT(Q131,"00000.00") -> CS12_BW036.00_UH____W_S05987.00_E06023.00_DV____W_S03762.00_E03798.00 | G131: CS12-1-1-[14][14] | H131: =VLOOKUP(G131,开关状态表!B:I,7,FALSE) -> 1 | I131: 0 | J131: 36 | K131: P | M131: 出租 | N131: =V131+I131 -> 5987 | O131: =N131+J131 -> 6023 | P131: =X131+I131 -> 3762 | Q131: =P131+J131 -> 3798 | R131: =VLOOKUP(VLOOKUP(G131,开关状态表!B:H,2,FALSE),矩阵信息表!B:H,2,FALSE) -> CS12 | S131: =VLOOKUP(G131,开关状态表!B:H,5,FALSE) -> RW4B | T131: =VLOOKUP(G131,开关状态表!B:H,6,FALSE) -> TW4B | U131: =VLOOKUP(R131&"-"&S131,通道清单!C:L,8,FALSE) -> 36 | V131: =VLOOKUP(R131&"-"&S131,通道清单!C:L,9,FALSE) -> 5987 | W131: =VLOOKUP(R131&"-"&S131,通道清单!C:L,10,FALSE) -> 6023 | X131: =VLOOKUP(R131&"-"&T131,通道清单!C:L,9,FALSE) -> 3762 | Y131: =VLOOKUP(R131&"-"&T131,通道清单!C:L,10,FALSE) -> 3798
A132: =ROW()-1 -> 131 | B132: =G132&"-"&"OFF"&I132&"-BW"&J132 -> CS12-1-1-[15][15]-OFF-2-BW40 | C132: =R132&"_BW"&TEXT(O132-N132,"000.00")&"_U"&VLOOKUP(R132&"-"&S132,通道清单!C:L,5,FALSE)&LEFT("_____",5-LEN(VLOOKUP(R132&"-"&S132,通道清单!C:L,4,FALSE)))&VLOOKUP(R132&"-"&S132,通道清单!C:L,4,FALSE)&"_S"&TEXT(N132,"00000.00")&"_E"&TEXT(O132,"00000.00")&"_D"&VLOOKUP(R132&"-"&T132,通道清单!C:L,5,FALSE)&LEFT("_____",5-LEN(VLOOKUP(R132&"-"&T132,通道清单!C:L,4,FALSE)))&VLOOKUP(R132&"-"&T132,通道清单!C:L,4,FALSE)&"_S"&TEXT(P132,"00000.00")&"_E"&TEXT(Q132,"00000.00") -> CS12_BW040.00_UH____W_S06025.00_E06065.00_DV____W_S03800.00_E03840.00 | G132: CS12-1-1-[15][15] | H132: =VLOOKUP(G132,开关状态表!B:I,7,FALSE) -> 1 | I132: -2 | J132: 40 | K132: P | M132: 出租 | N132: =V132+I132 -> 6025 | O132: =N132+J132 -> 6065 | P132: =X132+I132 -> 3800 | Q132: =P132+J132 -> 3840 | R132: =VLOOKUP(VLOOKUP(G132,开关状态表!B:H,2,FALSE),矩阵信息表!B:H,2,FALSE) -> CS12 | S132: =VLOOKUP(G132,开关状态表!B:H,5,FALSE) -> RW5B | T132: =VLOOKUP(G132,开关状态表!B:H,6,FALSE) -> TW5B | U132: =VLOOKUP(R132&"-"&S132,通道清单!C:L,8,FALSE) -> 36 | V132: =VLOOKUP(R132&"-"&S132,通道清单!C:L,9,FALSE) -> 6027 | W132: =VLOOKUP(R132&"-"&S132,通道清单!C:L,10,FALSE) -> 6063 | X132: =VLOOKUP(R132&"-"&T132,通道清单!C:L,9,FALSE) -> 3802 | Y132: =VLOOKUP(R132&"-"&T132,通道清单!C:L,10,FALSE) -> 3838
A133: =ROW()-1 -> 132 | B133: =G133&"-"&"OFF"&I133&"-BW"&J133 -> CS12-1-1-[16][16]-OFF0-BW36 | C133: =R133&"_BW"&TEXT(O133-N133,"000.00")&"_U"&VLOOKUP(R133&"-"&S133,通道清单!C:L,5,FALSE)&LEFT("_____",5-LEN(VLOOKUP(R133&"-"&S133,通道清单!C:L,4,FALSE)))&VLOOKUP(R133&"-"&S133,通道清单!C:L,4,FALSE)&"_S"&TEXT(N133,"00000.00")&"_E"&TEXT(O133,"00000.00")&"_D"&VLOOKUP(R133&"-"&T133,通道清单!C:L,5,FALSE)&LEFT("_____",5-LEN(VLOOKUP(R133&"-"&T133,通道清单!C:L,4,FALSE)))&VLOOKUP(R133&"-"&T133,通道清单!C:L,4,FALSE)&"_S"&TEXT(P133,"00000.00")&"_E"&TEXT(Q133,"00000.00") -> CS12_BW036.00_UH____W_S06067.00_E06103.00_DV____W_S03842.00_E03878.00 | G133: CS12-1-1-[16][16] | H133: =VLOOKUP(G133,开关状态表!B:I,7,FALSE) -> 1 | I133: 0 | J133: 36 | K133: P | M133: 出租 | N133: =V133+I133 -> 6067 | O133: =N133+J133 -> 6103 | P133: =X133+I133 -> 3842 | Q133: =P133+J133 -> 3878 | R133: =VLOOKUP(VLOOKUP(G133,开关状态表!B:H,2,FALSE),矩阵信息表!B:H,2,FALSE) -> CS12 | S133: =VLOOKUP(G133,开关状态表!B:H,5,FALSE) -> RW6B | T133: =VLOOKUP(G133,开关状态表!B:H,6,FALSE) -> TW6B | U133: =VLOOKUP(R133&"-"&S133,通道清单!C:L,8,FALSE) -> 36 | V133: =VLOOKUP(R133&"-"&S133,通道清单!C:L,9,FALSE) -> 6067 | W133: =VLOOKUP(R133&"-"&S133,通道清单!C:L,10,FALSE) -> 6103 | X133: =VLOOKUP(R133&"-"&T133,通道清单!C:L,9,FALSE) -> 3842 | Y133: =VLOOKUP(R133&"-"&T133,通道清单!C:L,10,FALSE) -> 3878
A134: =ROW()-1 -> 133 | B134: =G134&"-"&"OFF"&I134&"-BW"&J134 -> CS12-1-1-[17][17]-OFF0-BW36 | C134: =R134&"_BW"&TEXT(O134-N134,"000.00")&"_U"&VLOOKUP(R134&"-"&S134,通道清单!C:L,5,FALSE)&LEFT("_____",5-LEN(VLOOKUP(R134&"-"&S134,通道清单!C:L,4,FALSE)))&VLOOKUP(R134&"-"&S134,通道清单!C:L,4,FALSE)&"_S"&TEXT(N134,"00000.00")&"_E"&TEXT(O134,"00000.00")&"_D"&VLOOKUP(R134&"-"&T134,通道清单!C:L,5,FALSE)&LEFT("_____",5-LEN(VLOOKUP(R134&"-"&T134,通道清单!C:L,4,FALSE)))&VLOOKUP(R134&"-"&T134,通道清单!C:L,4,FALSE)&"_S"&TEXT(P134,"00000.00")&"_E"&TEXT(Q134,"00000.00") -> CS12_BW036.00_UH____W_S06107.00_E06143.00_DV____W_S03882.00_E03918.00 | G134: CS12-1-1-[17][17] | H134: =VLOOKUP(G134,开关状态表!B:I,7,FALSE) -> 1 | I134: 0 | J134: 36 | K134: P | M134: 出租 | N134: =V134+I134 -> 6107 | O134: =N134+J134 -> 6143 | P134: =X134+I134 -> 3882 | Q134: =P134+J134 -> 3918 | R134: =VLOOKUP(VLOOKUP(G134,开关状态表!B:H,2,FALSE),矩阵信息表!B:H,2,FALSE) -> CS12 | S134: =VLOOKUP(G134,开关状态表!B:H,5,FALSE) -> RW7B | T134: =VLOOKUP(G134,开关状态表!B:H,6,FALSE) -> TW7B | U134: =VLOOKUP(R134&"-"&S134,通道清单!C:L,8,FALSE) -> 36 | V134: =VLOOKUP(R134&"-"&S134,通道清单!C:L,9,FALSE) -> 6107 | W134: =VLOOKUP(R134&"-"&S134,通道清单!C:L,10,FALSE) -> 6143 | X134: =VLOOKUP(R134&"-"&T134,通道清单!C:L,9,FALSE) -> 3882 | Y134: =VLOOKUP(R134&"-"&T134,通道清单!C:L,10,FALSE) -> 3918
A135: =ROW()-1 -> 134 | B135: =G135&"-"&"OFF"&I135&"-BW"&J135 -> CS12-1-1-[18][18]-OFF0-BW36 | C135: =R135&"_BW"&TEXT(O135-N135,"000.00")&"_U"&VLOOKUP(R135&"-"&S135,通道清单!C:L,5,FALSE)&LEFT("_____",5-LEN(VLOOKUP(R135&"-"&S135,通道清单!C:L,4,FALSE)))&VLOOKUP(R135&"-"&S135,通道清单!C:L,4,FALSE)&"_S"&TEXT(N135,"00000.00")&"_E"&TEXT(O135,"00000.00")&"_D"&VLOOKUP(R135&"-"&T135,通道清单!C:L,5,FALSE)&LEFT("_____",5-LEN(VLOOKUP(R135&"-"&T135,通道清单!C:L,4,FALSE)))&VLOOKUP(R135&"-"&T135,通道清单!C:L,4,FALSE)&"_S"&TEXT(P135,"00000.00")&"_E"&TEXT(Q135,"00000.00") -> CS12_BW036.00_UH____W_S06147.00_E06183.00_DV____W_S03922.00_E03958.00 | G135: CS12-1-1-[18][18] | H135: =VLOOKUP(G135,开关状态表!B:I,7,FALSE) -> 1 | I135: 0 | J135: 36 | K135: P | M135: 出租 | N135: =V135+I135 -> 6147 | O135: =N135+J135 -> 6183 | P135: =X135+I135 -> 3922 | Q135: =P135+J135 -> 3958 | R135: =VLOOKUP(VLOOKUP(G135,开关状态表!B:H,2,FALSE),矩阵信息表!B:H,2,FALSE) -> CS12 | S135: =VLOOKUP(G135,开关状态表!B:H,5,FALSE) -> RW8B | T135: =VLOOKUP(G135,开关状态表!B:H,6,FALSE) -> TW8B | U135: =VLOOKUP(R135&"-"&S135,通道清单!C:L,8,FALSE) -> 36 | V135: =VLOOKUP(R135&"-"&S135,通道清单!C:L,9,FALSE) -> 6147 | W135: =VLOOKUP(R135&"-"&S135,通道清单!C:L,10,FALSE) -> 6183 | X135: =VLOOKUP(R135&"-"&T135,通道清单!C:L,9,FALSE) -> 3922 | Y135: =VLOOKUP(R135&"-"&T135,通道清单!C:L,10,FALSE) -> 3958
A136: =ROW()-1 -> 135 | B136: =G136&"-"&"OFF"&I136&"-BW"&J136 -> CS12-1-1-[19][19]-OFF-2-BW20 | C136: =R136&"_BW"&TEXT(O136-N136,"000.00")&"_U"&VLOOKUP(R136&"-"&S136,通道清单!C:L,5,FALSE)&LEFT("_____",5-LEN(VLOOKUP(R136&"-"&S136,通道清单!C:L,4,FALSE)))&VLOOKUP(R136&"-"&S136,通道清单!C:L,4,FALSE)&"_S"&TEXT(N136,"00000.00")&"_E"&TEXT(O136,"00000.00")&"_D"&VLOOKUP(R136&"-"&T136,通道清单!C:L,5,FALSE)&LEFT("_____",5-LEN(VLOOKUP(R136&"-"&T136,通道清单!C:L,4,FALSE)))&VLOOKUP(R136&"-"&T136,通道清单!C:L,4,FALSE)&"_S"&TEXT(P136,"00000.00")&"_E"&TEXT(Q136,"00000.00") -> CS12_BW020.00_UH____W_S06185.00_E06205.00_DV____W_S03960.00_E03980.00 | G136: CS12-1-1-[19][19] | H136: =VLOOKUP(G136,开关状态表!B:I,7,FALSE) -> 1 | I136: -2 | J136: 20 | K136: P | M136: 出租 | N136: =V136+I136 -> 6185 | O136: =N136+J136 -> 6205 | P136: =X136+I136 -> 3960 | Q136: =P136+J136 -> 3980 | R136: =VLOOKUP(VLOOKUP(G136,开关状态表!B:H,2,FALSE),矩阵信息表!B:H,2,FALSE) -> CS12 | S136: =VLOOKUP(G136,开关状态表!B:H,5,FALSE) -> RW9B | T136: =VLOOKUP(G136,开关状态表!B:H,6,FALSE) -> TW9B | U136: =VLOOKUP(R136&"-"&S136,通道清单!C:L,8,FALSE) -> 36 | V136: =VLOOKUP(R136&"-"&S136,通道清单!C:L,9,FALSE) -> 6187 | W136: =VLOOKUP(R136&"-"&S136,通道清单!C:L,10,FALSE) -> 6223 | X136: =VLOOKUP(R136&"-"&T136,通道清单!C:L,9,FALSE) -> 3962 | Y136: =VLOOKUP(R136&"-"&T136,通道清单!C:L,10,FALSE) -> 3998
A137: =ROW()-1 -> 136 | B137: =G137&"-"&"OFF"&I137&"-BW"&J137 -> CS12-1-1-[19][19]-OFF18-BW20 | C137: =R137&"_BW"&TEXT(O137-N137,"000.00")&"_U"&VLOOKUP(R137&"-"&S137,通道清单!C:L,5,FALSE)&LEFT("_____",5-LEN(VLOOKUP(R137&"-"&S137,通道清单!C:L,4,FALSE)))&VLOOKUP(R137&"-"&S137,通道清单!C:L,4,FALSE)&"_S"&TEXT(N137,"00000.00")&"_E"&TEXT(O137,"00000.00")&"_D"&VLOOKUP(R137&"-"&T137,通道清单!C:L,5,FALSE)&LEFT("_____",5-LEN(VLOOKUP(R137&"-"&T137,通道清单!C:L,4,FALSE)))&VLOOKUP(R137&"-"&T137,通道清单!C:L,4,FALSE)&"_S"&TEXT(P137,"00000.00")&"_E"&TEXT(Q137,"00000.00") -> CS12_BW020.00_UH____W_S06205.00_E06225.00_DV____W_S03980.00_E04000.00 | G137: CS12-1-1-[19][19] | H137: =VLOOKUP(G137,开关状态表!B:I,7,FALSE) -> 1 | I137: 18 | J137: 20 | K137: P | M137: 出租 | N137: =V137+I137 -> 6205 | O137: =N137+J137 -> 6225 | P137: =X137+I137 -> 3980 | Q137: =P137+J137 -> 4000 | R137: =VLOOKUP(VLOOKUP(G137,开关状态表!B:H,2,FALSE),矩阵信息表!B:H,2,FALSE) -> CS12 | S137: =VLOOKUP(G137,开关状态表!B:H,5,FALSE) -> RW9B | T137: =VLOOKUP(G137,开关状态表!B:H,6,FALSE) -> TW9B | U137: =VLOOKUP(R137&"-"&S137,通道清单!C:L,8,FALSE) -> 36 | V137: =VLOOKUP(R137&"-"&S137,通道清单!C:L,9,FALSE) -> 6187 | W137: =VLOOKUP(R137&"-"&S137,通道清单!C:L,10,FALSE) -> 6223 | X137: =VLOOKUP(R137&"-"&T137,通道清单!C:L,9,FALSE) -> 3962 | Y137: =VLOOKUP(R137&"-"&T137,通道清单!C:L,10,FALSE) -> 3998
A138: =ROW()-1 -> 137 | B138: =G138&"-"&"OFF"&I138&"-BW"&J138 -> CS12-1-1-[20][20]-OFF-2-BW15.5 | C138: =R138&"_BW"&TEXT(O138-N138,"000.00")&"_U"&VLOOKUP(R138&"-"&S138,通道清单!C:L,5,FALSE)&LEFT("_____",5-LEN(VLOOKUP(R138&"-"&S138,通道清单!C:L,4,FALSE)))&VLOOKUP(R138&"-"&S138,通道清单!C:L,4,FALSE)&"_S"&TEXT(N138,"00000.00")&"_E"&TEXT(O138,"00000.00")&"_D"&VLOOKUP(R138&"-"&T138,通道清单!C:L,5,FALSE)&LEFT("_____",5-LEN(VLOOKUP(R138&"-"&T138,通道清单!C:L,4,FALSE)))&VLOOKUP(R138&"-"&T138,通道清单!C:L,4,FALSE)&"_S"&TEXT(P138,"00000.00")&"_E"&TEXT(Q138,"00000.00") -> CS12_BW015.50_UH____W_S06225.00_E06240.50_DV____W_S04000.00_E04015.50 | G138: CS12-1-1-[20][20] | H138: =VLOOKUP(G138,开关状态表!B:I,7,FALSE) -> 1 | I138: -2 | J138: 15.5 | K138: P | M138: 出租 | N138: =V138+I138 -> 6225 | O138: =N138+J138 -> 6240.5 | P138: =X138+I138 -> 4000 | Q138: =P138+J138 -> 4015.5 | R138: =VLOOKUP(VLOOKUP(G138,开关状态表!B:H,2,FALSE),矩阵信息表!B:H,2,FALSE) -> CS12 | S138: =VLOOKUP(G138,开关状态表!B:H,5,FALSE) -> RW10B | T138: =VLOOKUP(G138,开关状态表!B:H,6,FALSE) -> TW10B | U138: =VLOOKUP(R138&"-"&S138,通道清单!C:L,8,FALSE) -> 36 | V138: =VLOOKUP(R138&"-"&S138,通道清单!C:L,9,FALSE) -> 6227 | W138: =VLOOKUP(R138&"-"&S138,通道清单!C:L,10,FALSE) -> 6263 | X138: =VLOOKUP(R138&"-"&T138,通道清单!C:L,9,FALSE) -> 4002 | Y138: =VLOOKUP(R138&"-"&T138,通道清单!C:L,10,FALSE) -> 4038
A139: =ROW()-1 -> 138 | B139: =G139&"-"&"OFF"&I139&"-BW"&J139 -> CS12-1-1-[20][20]-OFF13.5-BW9 | C139: =R139&"_BW"&TEXT(O139-N139,"000.00")&"_U"&VLOOKUP(R139&"-"&S139,通道清单!C:L,5,FALSE)&LEFT("_____",5-LEN(VLOOKUP(R139&"-"&S139,通道清单!C:L,4,FALSE)))&VLOOKUP(R139&"-"&S139,通道清单!C:L,4,FALSE)&"_S"&TEXT(N139,"00000.00")&"_E"&TEXT(O139,"00000.00")&"_D"&VLOOKUP(R139&"-"&T139,通道清单!C:L,5,FALSE)&LEFT("_____",5-LEN(VLOOKUP(R139&"-"&T139,通道清单!C:L,4,FALSE)))&VLOOKUP(R139&"-"&T139,通道清单!C:L,4,FALSE)&"_S"&TEXT(P139,"00000.00")&"_E"&TEXT(Q139,"00000.00") -> CS12_BW009.00_UH____W_S06240.50_E06249.50_DV____W_S04015.50_E04024.50 | G139: CS12-1-1-[20][20] | H139: =VLOOKUP(G139,开关状态表!B:I,7,FALSE) -> 1 | I139: 13.5 | J139: 9 | K139: P | M139: 出租 | N139: =V139+I139 -> 6240.5 | O139: =N139+J139 -> 6249.5 | P139: =X139+I139 -> 4015.5 | Q139: =P139+J139 -> 4024.5 | R139: =VLOOKUP(VLOOKUP(G139,开关状态表!B:H,2,FALSE),矩阵信息表!B:H,2,FALSE) -> CS12 | S139: =VLOOKUP(G139,开关状态表!B:H,5,FALSE) -> RW10B | T139: =VLOOKUP(G139,开关状态表!B:H,6,FALSE) -> TW10B | U139: =VLOOKUP(R139&"-"&S139,通道清单!C:L,8,FALSE) -> 36 | V139: =VLOOKUP(R139&"-"&S139,通道清单!C:L,9,FALSE) -> 6227 | W139: =VLOOKUP(R139&"-"&S139,通道清单!C:L,10,FALSE) -> 6263 | X139: =VLOOKUP(R139&"-"&T139,通道清单!C:L,9,FALSE) -> 4002 | Y139: =VLOOKUP(R139&"-"&T139,通道清单!C:L,10,FALSE) -> 4038
A140: =ROW()-1 -> 139 | B140: =G140&"-"&"OFF"&I140&"-BW"&J140 -> CS12-1-1-[20][20]-OFF22.5-BW15.5 | C140: =R140&"_BW"&TEXT(O140-N140,"000.00")&"_U"&VLOOKUP(R140&"-"&S140,通道清单!C:L,5,FALSE)&LEFT("_____",5-LEN(VLOOKUP(R140&"-"&S140,通道清单!C:L,4,FALSE)))&VLOOKUP(R140&"-"&S140,通道清单!C:L,4,FALSE)&"_S"&TEXT(N140,"00000.00")&"_E"&TEXT(O140,"00000.00")&"_D"&VLOOKUP(R140&"-"&T140,通道清单!C:L,5,FALSE)&LEFT("_____",5-LEN(VLOOKUP(R140&"-"&T140,通道清单!C:L,4,FALSE)))&VLOOKUP(R140&"-"&T140,通道清单!C:L,4,FALSE)&"_S"&TEXT(P140,"00000.00")&"_E"&TEXT(Q140,"00000.00") -> CS12_BW015.50_UH____W_S06249.50_E06265.00_DV____W_S04024.50_E04040.00 | G140: CS12-1-1-[20][20] | H140: =VLOOKUP(G140,开关状态表!B:I,7,FALSE) -> 1 | I140: 22.5 | J140: 15.5 | K140: P | M140: 出租 | N140: =V140+I140 -> 6249.5 | O140: =N140+J140 -> 6265 | P140: =X140+I140 -> 4024.5 | Q140: =P140+J140 -> 4040 | R140: =VLOOKUP(VLOOKUP(G140,开关状态表!B:H,2,FALSE),矩阵信息表!B:H,2,FALSE) -> CS12 | S140: =VLOOKUP(G140,开关状态表!B:H,5,FALSE) -> RW10B | T140: =VLOOKUP(G140,开关状态表!B:H,6,FALSE) -> TW10B | U140: =VLOOKUP(R140&"-"&S140,通道清单!C:L,8,FALSE) -> 36 | V140: =VLOOKUP(R140&"-"&S140,通道清单!C:L,9,FALSE) -> 6227 | W140: =VLOOKUP(R140&"-"&S140,通道清单!C:L,10,FALSE) -> 6263 | X140: =VLOOKUP(R140&"-"&T140,通道清单!C:L,9,FALSE) -> 4002 | Y140: =VLOOKUP(R140&"-"&T140,通道清单!C:L,10,FALSE) -> 4038
A141: =ROW()-1 -> 140 | B141: =G141&"-"&"OFF"&I141&"-BW"&J141 -> CS12-1-1-[21][21]-OFF0-BW36 | C141: =R141&"_BW"&TEXT(O141-N141,"000.00")&"_U"&VLOOKUP(R141&"-"&S141,通道清单!C:L,5,FALSE)&LEFT("_____",5-LEN(VLOOKUP(R141&"-"&S141,通道清单!C:L,4,FALSE)))&VLOOKUP(R141&"-"&S141,通道清单!C:L,4,FALSE)&"_S"&TEXT(N141,"00000.00")&"_E"&TEXT(O141,"00000.00")&"_D"&VLOOKUP(R141&"-"&T141,通道清单!C:L,5,FALSE)&LEFT("_____",5-LEN(VLOOKUP(R141&"-"&T141,通道清单!C:L,4,FALSE)))&VLOOKUP(R141&"-"&T141,通道清单!C:L,4,FALSE)&"_S"&TEXT(P141,"00000.00")&"_E"&TEXT(Q141,"00000.00") -> CS12_BW036.00_UH____W_S06267.00_E06303.00_DV____W_S04042.00_E04078.00 | G141: CS12-1-1-[21][21] | H141: =VLOOKUP(G141,开关状态表!B:I,7,FALSE) -> 1 | I141: 0 | J141: 36 | K141: P | M141: 出租 | N141: =V141+I141 -> 6267 | O141: =N141+J141 -> 6303 | P141: =X141+I141 -> 4042 | Q141: =P141+J141 -> 4078 | R141: =VLOOKUP(VLOOKUP(G141,开关状态表!B:H,2,FALSE),矩阵信息表!B:H,2,FALSE) -> CS12 | S141: =VLOOKUP(G141,开关状态表!B:H,5,FALSE) -> RW11B | T141: =VLOOKUP(G141,开关状态表!B:H,6,FALSE) -> TW11B | U141: =VLOOKUP(R141&"-"&S141,通道清单!C:L,8,FALSE) -> 36 | V141: =VLOOKUP(R141&"-"&S141,通道清单!C:L,9,FALSE) -> 6267 | W141: =VLOOKUP(R141&"-"&S141,通道清单!C:L,10,FALSE) -> 6303 | X141: =VLOOKUP(R141&"-"&T141,通道清单!C:L,9,FALSE) -> 4042 | Y141: =VLOOKUP(R141&"-"&T141,通道清单!C:L,10,FALSE) -> 4078
